video_id,comment
EL7OF3Kqw-4,"рдЪрд▓рдЪрд┐рддреНрд░ рдмрд╕рдиреНрддрдорд╛ рд░рд╣реЗрдХреЛ рдПрдЙрдЯрд╛ рдЧреАрдд ""рдореЛрдЯрд░"" рдХреЛ рд▓рд┐рд░рд┐рдХрд▓ рднрд┐рдбрд┐рдпреЛ рд╕рд╛рд░реНрд╡рдЬрдирд┐рдХ рдЧрд░реЗрдХрд╛ рдЫреМрдБ, рдЪрд▓рдЪрд┐рддреНрд░ рдмрд╕рдиреНрдд рдпрд╣рд╛рдБрд╣рд░реБрдХреЛ рдирдЬрд┐рдХрдХреЛ рд╣рд▓рд╣рд░реБрдорд╛ рд▓рд╛рдЧрд┐рд░рд╣реЗрдХреЛ рдЫ, рд╣реЗрд░реЗрд░ рдХрд╕реНрддреЛ рд▓рд╛рдЧреНрдпреЛ рдкреНрд░рддрд┐рдХреНрд░рд┐рдпрд╛ рджрд┐рди рдирднреБрд▓реНрдиреБрд╣реЛрд▓рд╛ред"
EL7OF3Kqw-4,Prakash dai is My best hearing in NepalтЭдтЭд тЭдтЭдтЭдтЭдтЭдтЭдтЭдyou are. Besthearo Prakash. DaiтЭдтЭдтЭдтЭдтЭдтЭдЁЯШВЁЯШВЁЯШВЁЯШВЁЯШВЁЯШВЁЯШВЁЯШВЁЯШВ
EL7OF3Kqw-4,jay Prakash saput
EL7OF3Kqw-4,jay jay basanta filim Prakash saput
EL7OF3Kqw-4,Amezig dada ko song
EL7OF3Kqw-4,Wow just wow
EL7OF3Kqw-4,Mero best singar parkash saput
EL7OF3Kqw-4,Songs are really nice heart touching plz we need other songs as well plzzz as soon as possible ЁЯЩПЁЯЩП
EL7OF3Kqw-4,Dherai ramro song chha тЭдтЭд
EL7OF3Kqw-4,Mysupi to gxhk
EL7OF3Kqw-4,Wordings are great in the song. Love itЁЯЩПЁЯП╗
EL7OF3Kqw-4,рдХрдмрдбреНрдбреА 4 рдиреЗрдкрд╛рд▓реА рдлрд┐рд▓реНрдо рдХреЛ рдХреЗрд╕рд░реА рд╕рдЩреНрдЧ рдорд┐рд▓реНрдЫ music copy
EL7OF3Kqw-4,So beautiful тЭдЁЯОЙ
EL7OF3Kqw-4,very nice song best wishes for basanta
EL7OF3Kqw-4,https://youtu.be/CTbuTIWvOaE?si=qLr3aNKsc83FL77G
EL7OF3Kqw-4,рдХреНрдпрд╛ рд╢рдмреНрдж ЁЯШвтЭд
EL7OF3Kqw-4,рд╣рд╛..рдХ.. рдереБ
EL7OF3Kqw-4,Sathi wala gana kaily aauxa Prakash daii
EL7OF3Kqw-4,Supp song
EL7OF3Kqw-4,Parksha saput ko all geet harana maxne aha aunu hos ta please тЭд
EL7OF3Kqw-4,https://youtu.be/qGb6SxwsZNs?si=4jTJHj-vmuU2U8ui
EL7OF3Kqw-4,Yo kp ko jhole lai unsubscribe gara kta ho tmi haru yedi sachha nepali hau bhane
EL7OF3Kqw-4,Yo kp ko jhole lai unsubscribe gara kta ho tmi haru yedi sachha nepali hau bhane
EL7OF3Kqw-4,Muji radi ko xoro
EL7OF3Kqw-4,wau best songs tyo vanda pani basanta movie dami xa ekchoti hernu hola sabaile
EL7OF3Kqw-4,Kati mito geet dhanyabad prrakash sirЁЯОЙтЭд
EL7OF3Kqw-4,"Ajhai pani chitta chai bujeko xaina hai yo manxe dekhi. Thau ma pugeko manxe le nai bolne awasar pauda pani agatilo chij bolesi. Talent vako ho ani appreciate pani garthiye paile dekhai nai. Tara pani media ko aagadi yesto controversial kura chai garna vayena. Kasailai man parla naparla afno afno opinion ho but desh ra desh ko manxe ko awasta herera pani bolna parney hunxa. тАЬDaudida kheri kaile kai sano patthar ma thes lagera pani thulo durghatana ghatna sakxaтАЭ. As a public figure be careful what you speak about and what are its consequences on people vanera !
тАЬPurna bahadur ko saragiтАЭ ko safalta paxi aafai industry ma aauna lagda thulo aasha thiyo! But your act on that day was already enough to watch the movie!

Ramro hous falos fulos ! Yeti comment garna aako."
EL7OF3Kqw-4,рдЖрдЦрд╛рдорд╛ рд╕рдкрдирд╛ рдХреЗрд╕рд░реА ЁЯШВЁЯШВЁЯШВ
EL7OF3Kqw-4,рдкреНрд░рдХрд╛рд╕ рд╕рдкреБрдд рдХреЛ рдлрд┐рд▓реНрдо рдХреБрдиреИ рдЬрд╛рддрд┐рдп рдмрд┐рднреЗрдж рдореЗрдЯрд╛рдЙрди рдмрдиреЗрдХреЛ рдлрд┐рд▓реНрдо рд╣реЛрдЗрди рдпреЛрдд рдпрдХ рдзрд░реНрдо рдкреНрд░рдЪрд╛рд░рдХ рдлрд┐рд▓реНрдо рд╣реЛ рдЬреБрди рдХрд╛рд╣рд╛рдирд┐ рдпреЛ рдлрд┐рд▓реНрдо рдорд╛ рдЫ рддреНрдпреЛ рдХрд╛рд╣рд╛рдирд┐ рдХреЛ рд╕рдордп рд╣реЗрд░реНрдиреЗ рд╣реЛ рднрдиреЗ рддреНрдпреЛ рдмреЗрд▓рд╛ рдирдд рдЗрд╕рд╛рдЗ рдереЗ рдирдд рдЪрд░реНрдЪ рдиреИ рдереЗ рдпреЛ рдпрдХ рдзрд░реНрдо рдкреНрд░рдЪрд╛рд░ рдЧрд░реНрди рдЧрд░рд┐рдпрдХреЛ рдлрд┐рд▓реНрдо рд╣реЛ рдирддреНрд░ рд╣рд╛рдореНрд░реЛ рд╕рдорд╛рдЬ  рдХреЛ рдХреБрд░рд┐рддрд┐ рджреЗрдЦрд╛рдпреНрд░ рдпрдХ рдЖрд╕реНрдерд╛ рд▓рд╛рдЗ рдЧрд┐рд░рд╛рдЙрдиреЗ рд░ рдЕрд░реНрдХреЛ рдЖрд╕реНрдерд╛ рд▓рд╛рдЗ рд╕рд░реНрдмрд╕реЗрд░реЗрд╕реНрда рдмрдирд╛рдЙрдиреЗ рдХрдо рд╣реБрджреИрди рдерд┐рдпреЛ рд╣реЛрд▓рд╛ рдо рдХрд╕реИрдХреЛ рдмрд┐рд░реЛрдз рдд рдЧрд░реНрджреИрди рддрд░ рджреЗрд╢ рдЕрдиреБрд╕рд╛рд░ рдХреЛ рднреЗрд╢ рдЧрд░реНрдиреБ рдкрд░реНрдЫ рднрдиреНрдереЗ рдиреЗрдкрд╛рд▓ рдпрдХ рджреЗрдн рднреБрдорд┐ рд╣реЛ рдпрд╣рд╛ рдмрд┐рд╣реЗ рдЧрд░реНрджрд╛ рд╕рд╛рд░рд┐ рдорд╛ рд╕рдЬрд┐рдпрд░ рд╢реНрд░реАрдЩреНрдЧрд╛рд░ рд▓реЗ рд╕рдЬрд┐рдпрд░ рдмрд╕реНрдиреЗ рдЧрд░реНрдЫрди рд╕реЗрддреЛ рдХрдкрдбрд╛ рдХреБрди рдмреЗрд▓рд╛ рд▓рдЧрд╛рдЙрдЫрди рддреНрдпреЛ рд╕рдм рд▓рд╛рдЗ рдерд╛рдЫ рдЬреЗ рд╕реБрдХреИ рд╣реЛрд╕ рдореИрд▓реЗ рднрдиреЗрд░ рдХреЗ рд╣реБрдиреЗ рд╣реЛрд░ рдмрдзрд╛рдЗ рдЫ рдкреНрд░рдХрд╛рд╕ рд╕рдкреБрдд рджрд╛рдЗ рд▓рд╛рдЗ рдзрд░реНрдо рдкреНрд░рдЪрд╛рд░ рдЧрд░реЗрдХреЛ рдорд╛ рд░рд╛рдореНрд░реИ рдЖрдореНрджрд╛рдирд┐ рдЖрдЙрдЫ рдХреЗрдкрд┐ рдУрд▓рд┐ рдХреЛ рд╕рдкреЛрд░реНрдЯ рдкрдирд┐ рд░рд╛рдореНрд░реИ рдЫ congratulations #basanta
EL7OF3Kqw-4,рдорди  рдЫреБрдиреЗ line wowwwwwЁЯШКЁЯШКЁЯШКЁЯШК nice song
EL7OF3Kqw-4,Wow тЭдтЭдтЭдтЭдтЭдтЭдтЭдтЭд
EL7OF3Kqw-4,Dami xa daju.  Big fan ЁЯОЙ sab aata hai ta
EL7OF3Kqw-4,Congratulations team тЭд
EL7OF3Kqw-4,Op тЭдтЭд
EL7OF3Kqw-4,тЭдтЭд
EL7OF3Kqw-4,тЭдтЭдтЭдтЭдтЭдтЭдтЭдтЭдтЭд
EL7OF3Kqw-4,NiceтЭд
EL7OF3Kqw-4,Naya channel lai sport plzz guy ЁЯЩПЁЯЩПЁЯЩП
EL7OF3Kqw-4,рдмрдзрд╛рдИ рдЫ рджрд╛рдЗ рдЕрдЭреИ рд╕рдлрд▓рддрд╛ рдХреЛ рдкреИрд▓рд╛ рд╕рджреИ рдЕрдШрд╛рдбрд┐ рд╕рд░реЛрд╕ ЁЯОЙЁЯОЙЁЯОЙЁЯОЙЁЯОЙЁЯОЙЁЯОЙ
EL7OF3Kqw-4,"рдЖрдВрдЦрд╛рдорд╛ рдХреЗрд╢рд░рд┐ , рднрдиреНрдиреЗ рдЧрд┐рдд рд╕реБрдиреЗрд░ рдХрдореНрдкреЛрдЬ рдЧрд░рд┐рдПрдЫ рдирд┐ рджрд╛рдИ"
EL7OF3Kqw-4,NiceЁЯТЦ
EL7OF3Kqw-4,Kp ko
EL7OF3Kqw-4,best weshes
EL7OF3Kqw-4,Prakash saput  рдЬреА рдХреЛ рдХрд░рд┐рдпрд░ рдУрд░рд╛рд▓реЛ рд▓рд╛рдЧреНрдпреЛ рдЕрдм
EL7OF3Kqw-4,рдЖрдЦрд╛рдорд╛ рд╕рдкрдирд╛ рдХреЗрд╕рд░реА рдЬрд╕реНрддреЛ рд▓рд╛рдЙрдирд┐ рдпрддрд╛ рд╣реИ
EL7OF3Kqw-4,Wow so amazing sweet song I lovet. prakash dai тЭдтЭдтЭд
EL7OF3Kqw-4,Aha best wishes sir тЭдтЭдтЭдЁЯШК
EL7OF3Kqw-4,Aakha ma sapana kesari songs ko 1:33 kabaddi 4 ko geet jasto lagyo
EL7OF3Kqw-4,"Flim hall mai man pareko geet ho yo geetтЭд
Ra hijo YouTube ma upload vaye paxii anytime suneko sunai xuuтЭд"
EL7OF3Kqw-4,Sarara.....тЭдЁЯШК
EL7OF3Kqw-4,тЭдтЭдтЭдтЭдтЭд
EL7OF3Kqw-4,рдкреНрд░рдХрд╛рд╢ рджрд╛рдЗрдХреЛ рдПрдХреНрджрдо рдареБрд▓реЛ рдлреНрдпрд╛рди тШ║я╕ПтШ║я╕П
EL7OF3Kqw-4,тЭдтЭдтЭдтЭд
EL7OF3Kqw-4,Kati ramro geet
EL7OF3Kqw-4,рджрдорджрд╛рд░ рдЫ рд╣реИ
EL7OF3Kqw-4,рдЕрддрд┐ рд░рд╛рдореНрд░реЛ рдЫ рд╣реИ
EL7OF3Kqw-4,Kada khabapu тЭдтЭдЁЯОЙЁЯОЙЁЯОЙ
EL7OF3Kqw-4,"Prakash ji goodluck#
https://youtube.com/@zennirasailiofficial?si=Bow6l_bPi_xRZj7i"
EL7OF3Kqw-4,ЁЯОЙЁЯОЙ
EL7OF3Kqw-4,Wow great song big fan
EL7OF3Kqw-4,Movie yakdam ramro chha тЭдтЭд
EL7OF3Kqw-4,рдПрдЙрдЯрд╛ рдЧреАрдд рд╣реЛрдЗрди рджреБрдИрдЯрд╛ рдЧреАрдд рд╣реЛрдЗрди рдкреНрд░рдХрд╛рд╢ рд╕рдкреБрддрдЬреНрдпреВрдХрд╛ рд╣рд░реЗрдХ рдЧреАрддрдорд╛ рд╕рд░рд╕реНрд╡рддреАрд▓реЗ рдмрд╛рд╕ рдЧрд░реЗрдХреЛ рд╣реБрдиреНрдЫред рдорд╛рдиреНрдЫреЗрдорд╛ рдХрд▓рд╛ рдд рд╣реБрдиреНрдЫ рддрд░ рд╣рдЬреБрд░рдорд╛ рдпрддрд┐ рдХрд▓рд╛ рднрд░рд┐рдПрдХреЛ рдЫ рдХрд┐ рд╣рдЬреБрд░ рдкреВрд░рд╛ рд╕рд░рд╕реНрд╡рддреАрдХреЛ рд░реВрдк рд▓рд╛рдЧреНрдЫ рдорд▓рд╛рдИтЭд
EL7OF3Kqw-4,рдЖрдЬ рд╕рдореНрдо рд╣реЗрд░реЗрдХреЛ рдлрд┐рд▓рд┐рдо рд╣рд░реБ рдордзреНрдп рдПрдХрджрдореИ рдХрдерд╛ рд░ рд╕рдиреНрджреЗрд╢рдореВрд▓рдХ рдлрд┐рд▓рд┐рдо рдЖрд╣рд╛ тЭдрдмрдзрд╛рдИ рддрдерд╛ рд╢реБрднрдХрд╛рдордирд╛ тЭдтЭдрдЖрд╣рд╛ тЭдрдкреНрд░рдХрд╛рд╢ рд╕рдкреБрдд тЭдрдирд╛рдо рдорд╛рддреНрд░ рд╣реЛрдЗрди рдПрдЙрдЯрд╛ рд╕рдорд╛рдЬ рдХреЛ рдпрдерд╛рд░реНрде рдЪрд┐рддреНрд░рдг  рдЧрд░реНрди  рд╕рдХреНрдиреЗ рд╡реНрдпрдХреНрддрд┐ тЭдтЭдтЭд
EL7OF3Kqw-4,jasto name saput testai kaam salut xa
EL7OF3Kqw-4,Jo sukai ley jati girauna khojya pani kala gala ra creation ma prakash saput ji lai kasaile paxadi parnai sakdaina yo dhruva sattya kura ho ЁЯЩПтЩея╕П
EL7OF3Kqw-4,.motho anand auni mn sunirani song
EL7OF3Kqw-4,ЁЯОЙЁЯОЙЁЯОЙЁЯОЙЁЯОЙ
EL7OF3Kqw-4,тЭдтЭдтЭдтЭдтЭдтЭд
EL7OF3Kqw-4,тЭдтЭдтЭдтЭдтЭдтЭдтЭдтЭд
EL7OF3Kqw-4,рдпреЛ рдЧреАрдд рдкреНрд░рдХрд╛рд╢ рдЬреА рд▓рд╛рдИ рд╢реБрдЯ рднрдПрди рдЕрд░реБ рдХрд╕реИрд▓рд╛рдИ рдЧрд╛рдЙрди рджрд┐рдПрдХреЛ рднрдП рдЕрдЭреИ рдорд┐рдард╛рд╕ рд╕реБрдиреНрди рдкрд╛рдЗрдиреЗ рдерд┐рдпреЛ
EL7OF3Kqw-4,Really amazingЁЯОЙтЭдтЭдтЭд
EL7OF3Kqw-4,Maily aaja movie here  ramro xa daju good luck ЁЯОЙтЭдтЭд
EL7OF3Kqw-4,рдлреЗрд░рд┐ рдХреЗрдкрд┐ рд▓рд╛рдИ рднреЗрдЯреЗ рд╣реБрдиреНрдЫ
EL7OF3Kqw-4,рд╕рд╛рдЪреНрдЪрд┐рдХреИ рджрд╛рдореА рдЫ рдХрдерд╛ рд╕рдореНрд╡рд╛рдж рд╕реНрдХреНрд░рд┐рдирдкреНрд▓реЗ ред рдорд╛рдиреЗ рдкреНрд░рдХрд╛рд╢ рд╕рдкреБрддрд▓рд╛рдЗ ред рд╡рд╛ рд╡рд╛ рд╡рд╛
EL7OF3Kqw-4,тЭдтЭдтЭдтЭдтЭдтЭдтЭдтЭд
EL7OF3Kqw-4,Prakash sir namaskar
EL7OF3Kqw-4,Parkash  sir ko basanta film YouTube ma upload gareko xa kasaile report garna paryo....
EL7OF3Kqw-4,рдЕрддреНрдпрдиреНрддреИ рдорд┐рдареЛ рдЧрд┐рдд рдорди рдЫреЛрдпреЛ тЭдя╕ПтЭдя╕ПтЭдя╕ПтЭдя╕ПтЭдя╕П
EL7OF3Kqw-4,Kati mitho geet sabaile sunam la
EL7OF3Kqw-4,BestЁЯОЙтЭд paraksh daii super
EL7OF3Kqw-4,ЁЯТБЁЯП╗
EL7OF3Kqw-4,рд░рд╛рдореНрд░реЛ
EL7OF3Kqw-4,рдЕрддреЗрдиреНрддреИ рдЙрддрдХрд┐рд░рд┐рд╕реНрдЯ рдЧрд┐рдд рд╣реНрдЬреБрд░тЭдтЭдЁЯЩПЁЯЩП
EL7OF3Kqw-4,"The film ""#Basant"" is based on the reality of society, where aspects such as corruption, bad customs, religion, politics, and the education system that society has been adopting are realistically depicted. The ""society versus society"" created by such aspects and the obstacles posed by society's superstitions, consciousness level, politics, and economic situation to the youth who raise their voices against it are presented in an interesting manner."
EL7OF3Kqw-4,film dami llagyoтЭд
EL7OF3Kqw-4,"рдмрд╛рд╣реБрди рд╡рд╛рдж рдмрд╛рдЯ рдирдбрд░рд╛рдЙрдиреБ рдкреНрд░рдХрд╛рд╢ рджрд╛рдЗ 
рдлрд▓рдк рдлрд┐рд▓реНрдо рд╣реЛрд▓рд╛ рддрд░ рд╕реЛрдЪ рдмрд┐рдЪрд╛рд░ рд╣реЛрдЗрди"
EL7OF3Kqw-4,"Aha, man chhune khalko sirjana тЭдтЭд"
EL7OF3Kqw-4,Best songs l
EL7OF3Kqw-4,Sabaile share gardim ani follow garum ak arkalaiтЭд
EL7OF3Kqw-4,Waw wawтЭдтЭдтЭд
EL7OF3Kqw-4,рдХреЗрдкреА рдУрд▓реАрдХреЛ рдЭреЛрд▓реЗрдХреЛ рдлрд┐рд▓реНрдо рд╣реЗрд░реНрдиреБ рд╣реБрдБрджреИрди ЁЯЩДЁЯШПЁЯШПЁЯШПЁЯШбЁЯШбЁЯШбЁЯШб
EL7OF3Kqw-4,тЭдтЭдтЭд
EL7OF3Kqw-4,Nice song
EL7OF3Kqw-4,Movie  ramro dil khus huwa geet haru nai kati ramro raixa
EL7OF3Kqw-4,Movie  ramro dil khus huwa geet haru nai kati ramro raixa
EL7OF3Kqw-4,All songтАЩs  rocks aru kahile release hunxa
EL7OF3Kqw-4,рдлрд┐рд▓рд┐рдо рд╣реЗрд░рд┐рдпреЛ рд░рд╛рдореНрд░реЛ рд▓рд╛рдЧреНрдпреЛ рд╣рд╛рд╕рд┐рдпреЛ рдкрдирд┐ рд░реЛрдИрдпреЛ рдкрдирд┐ ЁЯСМЁЯСМ
EL7OF3Kqw-4,рд╕рд╛рд╣реНрд░реИ рдорд┐рдареЛ рднрд╛рд╡ рдЕрдирд┐ рдЕрддрд┐ рдорд┐рдареЛ рд╕рдмреНрджрд╣рд░реБЁЯМ╕ЁЯМ╕ЁЯТЬЁЯТЬЁЯШвЁЯШв
EL7OF3Kqw-4,"Din sakiyeka hun aba dajai 
Kp bako gungan gauda ka pujnu vayo 
Hera bijok"
EL7OF3Kqw-4,рдЬреБрдиреИ рд╕реГрдЬрдирд╛ рдкрдирд┐ рдЕрдмреНрдмрд▓ рд╣реБрдиреНрдЫрди рдкреНрд░рдХрд╛рд╢ рдЬрд┐ рдХреЛ рддреНрдпрд╕реНрдорд╛ рджреБрдИ рдордд рдЫреИрди рдлрд┐рд▓реНрдо рдкрдирд┐ рдЙрддрд┐ рдиреИ рдЙрддреНрдХреГрд╕реНрдЯ рд╣реЛрд▓рд╛ рдЬрд╕реНрддреЛ рд▓рд╛рдЧреНрдЫ рдорд▓рд╛рдЗ рддред
vtwPcGP1B5g,"рдлрд┐рд▓реНрдо рдХреЛ рдХрдерд╛ рд░ рдХреЗрдкрд┐ рдмрд╛ рдХреЛ рддрд╛рд░рд┐рдл рдлрд░рдХ рдХреБрд░рд╛ рд╣реБрдиреНредрдкреНрд░рдХрд╛рд╢ рд╕рдкреВрдд рд▓реЗ рдЖрдлреНрдиреЛ рджреЗрд╢рдХреЛ рдкреНрд░рдзрд╛рдирдордиреНрддреНрд░реА рд▓рд╛рдЗ рдХреБрди рд░реБрдкрдорд╛ рд▓рд┐рдиреНрдЫреНрди рд╡рд╛ рдЪрд┐рдиреНрдЫрди рддреНрдпреЛ рдЙрдирдХреЛ рдХреБрд░рд╛ рд╣реЛред рд╣реЛ рдо рдкрдирд┐ рдХреЗрдкрд┐ рдХреЛ рдХрдЯреНрдЯрд░ рдмрд┐рд░реЛрдзреА рдд рд╣реЛ, рддрд░ рдкреНрд░рдХрд╛рд╢ рд╕рдкреВрддрдХреЛ рдЕрд╕рд▓реА рдлреНрдпрд╛рди рдкрдирд┐ред рдЪрд╛рд╣реЗ рдЙрдирд▓реЗ рд░рд╛рдЬрд╛рдХреЛ рдЧреБрдирдЧрд╛рди рдЧрд╛рдЙрди , рдЪрд╛рд╣реЗ рдкреНрд░рдЪрдгреНрдб , рдЪрд╛рд╣реЗ рджреЗрдЙрд╡рд╛ рдЙрдирдХреЛ рд╕рд┐рд░реНрдЬрдирд╛ рд╕рдзреИрдВ рдЦрд╛рд╕ рд╣реБрдиреНрдЫреНред рдо рдд рдЬрд╛рдиреЗ рд╣реЛред"
vtwPcGP1B5g,"рдлрд┐рд▓реНрдо рдХреЛ рдХрдерд╛ рд░ рдХреЗрдкрд┐ рдмрд╛ рдХреЛ рддрд╛рд░рд┐рдл рдлрд░рдХ рдХреБрд░рд╛ рд╣реБрдиреНредрдкреНрд░рдХрд╛рд╢ рд╕рдкреВрдд рд▓реЗ рдЖрдлреНрдиреЛ рджреЗрд╢рдХреЛ рдкреНрд░рдзрд╛рдирдордиреНрддреНрд░реА рд▓рд╛рдЗ рдХреБрди рд░реБрдкрдорд╛ рд▓рд┐рдиреНрдЫреНрди рд╡рд╛ рдЪрд┐рдиреНрдЫрди рддреНрдпреЛ рдЙрдирдХреЛ рдХреБрд░рд╛ рд╣реЛред рд╣реЛ рдо рдкрдирд┐ рдХреЗрдкрд┐ рдХреЛ рдХрдЯреНрдЯрд░ рдмрд┐рд░реЛрдзреА рдд рд╣реЛ, рддрд░ рдкреНрд░рдХрд╛рд╢ рд╕рдкреВрддрдХреЛ рдЕрд╕рд▓реА рдлреНрдпрд╛рди рдкрдирд┐ред рдЪрд╛рд╣реЗ рдЙрдирд▓реЗ рд░рд╛рдЬрд╛рдХреЛ рдЧреБрдирдЧрд╛рди рдЧрд╛рдЙрди , рдЪрд╛рд╣реЗ рдкреНрд░рдЪрдгреНрдб , рдЪрд╛рд╣реЗ рджреЗрдЙрд╡рд╛ рдЙрдирдХреЛ рд╕рд┐рд░реНрдЬрдирд╛ рд╕рдзреИрдВ рдЦрд╛рд╕ рд╣реБрдиреНрдЫреНред рдЖрдлреБ рдд рд╣реЗрд░рд┐рдиреНрдЫ рдордЬреНрдЬрд╛рд▓реЗред"
vtwPcGP1B5g,Think You  Prakash dai And swastima DidiтЭдтЭдтЭдтЭдтЭдтЭдтЭд
vtwPcGP1B5g,Good luck тЭдтЭдтЭд
vtwPcGP1B5g,Best wishes for your movie and yours acting toooo...ЁЯШКЁЯШКЁЯШКЁЯШКЁЯШКЁЯШКЁЯШКЁЯШК
vtwPcGP1B5g,Hall ma gayera ta herinna
vtwPcGP1B5g,тЭд
vtwPcGP1B5g,"Maila Basanta flim hera 
Flim ramro xa 
We are superstation society 
Good information All the 
Best movie ЁЯШвЁЯШв"
vtwPcGP1B5g,Garo xa
vtwPcGP1B5g,Safaltako suva kamanaЁЯдШЁЯЩЛтЭдя╕П
vtwPcGP1B5g,Herinna yo prakah saput sir pani amale ko oliko jhole ho
vtwPcGP1B5g,Dheraii ramro xa тЭдтЭд
vtwPcGP1B5g,Tero k.p bau lai kennu bhannu
vtwPcGP1B5g,тЭдтЭдтЭдтЭдтЭдЁЯШКЁЯШКЁЯШК
vtwPcGP1B5g,"(1)ЁЯЗ│ЁЯЗ╡ЁЯОзя╕ПЁЯЩПЁЯОЩя╕ПтЭдя╕П рд╕рдмреИрднрдиреНрджрд╛ рдкрд╣рд┐рд▓рд╛ рдд рдкреНрд░рдХрд╛рд╢ рджрд╛рдЬреБрд▓рд╛рдИ рдмрд╕рдиреНрдд рдореБрднрд┐рдХреЛ рдзреЗрд░реИ рдзреЗрд░реИ рд╢реБрднрдХрд╛рдордирд╛ рдЕрдирд┐ рдХрд▓рд╛ рд░ рдЧрд▓рд╛рд▓рд╛рдИ рд╕рдмреИрд▓реЗ рд╕рдореНрдорд╛рди рдЧрд░реМрдВ рд░ рдмрд╕рдиреНрдд рдореБрднреАрд▓рд╛рдИ рдорд╛рдпрд╛ рдЧрд░реЗрд░ рд╕рд░ рд╕рдкреЛрд░реНрдЯ рдЧрд░реМрдВ рд╣реИ рдд
рд╕рдмреИрд▓реЗ рдЖрдлреНрдиреЛ рдирдЬрд┐рдХреИрдХреЛ рд╣реЛрд▓рдорд╛ рдЧрдПрд░ рдмрд╕рдиреНрдд рдореБрднрд┐рд▓рд╛рдИ рд╣реЗрд░реЗрд░ рд╕рд╛рде рджрд┐рдиреБрд╕реН рд╣реИ рддред

тЭдя╕ПтЭдя╕ПтЭдя╕ПЁЯЗ│ЁЯЗ╡ЁЯЗ│ЁЯЗ╡ЁЯТРЁЯТРЁЯЩПЁЯЩПЁЯЗ│ЁЯЗ╡ЁЯЗ│ЁЯЗ╡
рд╕рдмреИрднрдиреНрджрд╛ рдд рдиреЗрдкрд╛рд▓реА рднрд╛рд╖реА рдЬрд╣рд╛рдБ рдЬрддрд╛ рдЬреБрди рдЕрд╡рд╕реНрдерд╛рдорд╛ рднрдПрдкрдирд┐ рд╕рдмрд▓рд╛рдИ рдПрдХрдореБрд╖реНрдЯрдорд╛ рдЖрдЬ рдлреЗрд░рд┐ рдПрдЙрдЯрд╛ рдордирдорд╛ рд▓рд╛рдЧреЗрдХреЛ рдХреБрд░рд╛ рднрдиреНрди рдЧрдЗрд░рд╣реЗрдХреЛ рдЫреБред рд╣рд╛рдореНрд░реЛ рдкреНрд░рдХрд╛рд╢ рд╕рдмреБрдд рджрд╛рдЬреБрдХреЛ рдмрд╛рд░реЗрдорд╛ рдирдорд╕реНрдХрд╛рд░ рднрдиреНрди рдЪрд╛рд╣рдиреНрдЫреБ рд░ рдо рд╕рдмреИрдЬрдирд╛рд▓рд╛рдИ рдХреЗ рднрдиреНрди рдЪрд╛рд╣рдиреНрдЫреБ рднрдиреЗ рдореЗрд░реЛ рдордирдорд╛ рд▓рд╛рдЧреЗрдХреЛ рдХреБрд░рд╛ рд╣реБрди рдд рд╕рдмрдХреЛ рдЖрдЖрдлреНрдиреЛ рдмреБрдЭрд╛рдИ рдЖрдлреВрдЖрдлреНрдиреЛ рд╕реЛрдЪрд╛рдИ рдЖрдлрдЖрдлреНрдиреЛ рд╡рд┐рдЪрд╛рд░ рд╣реБрдиреНрдЫ рдпрддрд┐ рдорд╛рддреНрд░реИ рдлрд░рдХ рд╣реЛ рдХрд┐ рдХрд╕рд▓реЗ рдХрд╕рд░реА рдмреБрдЭреНрдЫ рд░ рдХрд╕рд▓реЗ рдХрддрд┐ рд╕реЛрдЪреНрди рд╕рдХреНрдЫ рднрдиреНрдиреЗ рдорд╛рддреНрд░реИ рд╣реЛ рдХреБрд░рд╛ рдХреЗ рд╣реЛ рднрдиреЗ

рдкреНрд░рдХрд╛рд╢ рд╕рдкреБрдд рджрд╛рдЬреБ рдорд╛рддреНрд░реИ рдпрд╕реНрддреЛ рдПрдЙрдЯрд╛ рдХрд▓рд╛рдХрд╛рд░ рд╣реЛ рдХрд┐ рдЙрд╕рд▓реЗ рд╣рд░реЗрдХ рд╕рд┐рд░реНрдЬрдирд╛ рдЧрд░реНрджрд╛рдЦреЗрд░рд┐ рдЦрд╛рд▓реА рд╡рд┐рд╡рд╛рджрдХреЛ рд╕рд╛рдордирд╛ рдЧрд░реНрдиреБрдкрд░реНрдЫ рдЪрд╛рд╣реЗ рдЙрд╕рд▓реЗ рдмреЛрд▓реНрджрд╛рдЦреЗрд░рд┐ рд╣реЛрд╕реН рдпрд╛ рдЪрд╛рд╣реЗ рдЙрд╕рд▓реЗ рдХреБрдиреИ рдкрдирд┐ рд╕рд┐рд░реНрдЬрдирд╛ рдЧрд░реЛрд╕реН рддрд░ рдкрдирд┐ рд╣рд░реЗрдХ рдХреБрд░рд╛рдорд╛ рдК рд╡рд┐рд╡рд╛рджрдореИ рдЖрдЙрдиреБрдкрд░реНрдЫ рд░ рд╡рд┐рд╡рд╛рджрдорд╛ рд▓реНрдпрд╛рдЗрдиреНрдЫ рд░ рд╡рд┐рд╡рд╛рдж рдЧрд░рд┐рдиреНрдЫ рдЙрд╕рдХреЛ рдпреЛ рдХрд┐рди рдпрд╕реНрддреЛ рднрдЗрд░рд╣реЗрдХреЛ рдЫ рдпреЛ рдХреБрд░рд╛рдХреЛ рдмрд╛рд░реЗрдорд╛ рдЪрд╛рд╣рд┐рдБ рдорд▓рд╛рдИ рд░рд╛рдореНрд░реЛрд╕рд┐рдд рдерд╛рд╣рд╛ рднрдПрди рдХрд┐рдирдХрд┐ рдЕрдм рдХрд╕рд▓реЗ рдХрд╕рд░реА рдмреБрдЭреНрдЫ рд░ рдХрддрд┐ рдмреБрдЭреНрди рд╕рдХреНрдЫ рддреНрдпреЛ рдмреБрдЭрд╛рдЗ рд░ рднреЛрдХреИрдорд╛ рдлрд░рдХ рдкрд░реНрдиреЗ рд╣реЛ рддрд░ рдкрдирд┐ рдо рдПрдЙрдЯрд╛ рдиреЗрдкрд╛рд▓реА рднрдПрдХреЛ рднрдПрд░ рдЖрдлреНрдиреЛ рджреЗрд╢рдорд╛ рдЖрдлреНрдиреЛ рдХрд▓рд╛ рдХреНрд╖реЗрддреНрд░рдорд╛ рдЖрдлреНрдиреЛЁЯЩПЁЯЗ│ЁЯЗ╡ЁЯШеЁЯТФЁЯТФЁЯТФ"
vtwPcGP1B5g,"(2)ЁЯЗ│ЁЯЗ╡ЁЯЩПЁЯОЩя╕ПЁЯОзя╕ПЁЯТФ
рд╕рдВрдЧреАрдд рдХреНрд╖реЗрддреНрд░рдорд╛ рднрдПрдХреЛ рдХреБрд░рд╛рд╣рд░реВ рджреЗрдЦреНрджрд╛рдЦреЗрд░рд┐ рд╕рд╛рд╣реНрд░реИ рдорди рд▓рдЬреНрдЬрд┐рдд рд╣реБрдиреНрдЫ рдХрд┐рдирдХрд┐ рд╣рд╛рдореА рдХреБрди рд╕реЛрд╕рд╛рдЗрдЯреАрдорд╛ рд░ рд╣рд╛рдореА рдХреБрди рд╕рдордпрд▓рд╛рдИ рдкреНрд░рддрд┐рдирд┐рдзрд┐рддреНрд╡ рдЧрд░реНрджреИрдЫреМрдБ рддреНрдпрд╣реА рдХреБрд░рд╛рд▓рд╛рдИ рдЕрдЪрдореНрдо рд▓рд╛рдЧреНрдЫ рднрдиреНрди рдд рд╣рд╛рдореАрд▓реЗ рднрдиреНрдЫреМ рдХрд▓рд╛рдХрд╛рд░ рднрдиреЗрдХреЛ рджреЗрд╢рдХреЛ рдЧрд╣рдирд╛ рд╣реЛ рддрд░ рдкрдирд┐ рддреНрдпреЛ рдЧрд╣рдирд╛рд▓рд╛рдИ рдЬрд╣рд┐рд▓реЗ рдкрдирд┐ рдЙрдЪрд╛рд▓реЗрд░ рдкрдЫрд╛рд░реНрдиреЗ рдХрд╛рдо рд╣рд╛рдореА рдЖрдлреИрд▓реЗ рдкрдирд┐ рдЧрд░реЗрдХрд╛ рдЫреМрдВ рдЬрд╕реНрддреЛ рд▓рд╛рдЧреНрдЫ рдХрд┐рдирдХрд┐ рдПрдЙрдЯрд╛ рдХрд▓рд╛рдХрд╛рд░рд▓рд╛рдИ рдХрд▓рд╛рдХрд╛рд░ рднрдПрд░ рдиреИ рдмрд╛рдБрдЪреНрди рджрд┐рдиреБрдкрд░реНрдЫ рд╣реЛ рдорд╛рдиреНрдЫреЗрдХреЛ

тАв рд╕рдмреИ рдХреБрд░рд╛рдХреЛ рдЧреБрдгрдорд╛ рдкреНрд░рде

рдХреЛрд╣реА рдкрдирд┐ рд╣реБрдБрджреИрди рд╕рдмреИрд▓реЗ рднреЛрдЧреНрджреИ рд░ рдмреБрдЭреНрджреИ рдЬрд╛рдиреЗ рд╣реЛ рдХрд┐рдирднрдиреЗ рдорд▓рд╛рдИ рдд рдЦрд╛рд╕реИ рддреНрдпрд╕реНрддреЛ рд▓рд╛рдЧреНрджреИрди рдкреНрд░рдХрд╛рд╢ рд╕рдкреБрддрд▓реЗ рдЧрд▓реНрддреА рдЧрд░реЗрдЬрд╕реНрддреЛ рдХрд┐рдирднрдиреЗ рдХрд┐рдирднрдиреЗ рдЖрдлреНрдиреЛ рдЖрдлреНрдиреЛ рд╡рд┐рдЪрд╛рд░ рд░рд╛рдЦреНрди рдкрд╛рдЗрдиреНрдЫ рддреНрдпрд╕реИрдХреЛ рд▓рд╛рдЧрд┐ рдд рд▓реЛрдХрддрдиреНрддреНрд░ рдЖрдПрдХреЛ рдд рдорд╛рдиреНрдЫреЗрд▓реЗ рд▓реЛрдХрддрдиреНрддреНрд░ рдЖрдпреЛ рднрдиреНрдЫрдиреН рддрд░ рдкрдирд┐ рдорд▓рд╛рдИ рдЬрд╣рд╛рдБрд╕рдореНрдо рд▓рд╛рдЧреНрдЫ рдпреЛ рд▓реЛрдХрддрдиреНрддреНрд░ рдЖрдПрд░ рдкрдирд┐ рдЖрдлреНрдиреЛ рд╡рд┐рдЪрд╛рд░ рд░рд╛рдЦреНрди рдкрд╛рдЗрдБрджреИрди рднрдиреЗ рдпреЛ

рд▓реЛрдХрддрдиреНрддреНрд░ рдЧрдгрддрдиреНрддреНрд░ рдЖрдПрдХреЛ рдХреЗ рдиреИ рдЕрд░реНрде рд╣реБрдиреНрдЫ рд░ рд░ рдЕрд░реНрдХреЛ рдХреБрд░рд╛ рдкрдЯрдХрдкрдЯрдХ рдкреНрд░рдХрд╛рд╢ рд╕рдмреБрдд рдорд╛рдерд┐ рдиреИ рдЖрдХреНрд░рдордг рд╣реБрдиреНрдЫ рдХрд┐рди рдпрд╕рд░реА рд╣рд╛рдореАЁЯШеЁЯШеЁЯШеЁЯТФЁЯТФЁЯТФЁЯТФрдХрд▓рд╛рдХрд╛рд░рд▓рд╛рдИ
рд╡реНрдпрдХреНрддрд┐рдЧрдд рд░реБрдкрдорд╛ рднрдиреНрджрд╛ рдкрдирд┐ рдХрд▓рд╛рдХрд╛рд░рдХреЛ рдХрд▓рд╛рд▓рд╛рдИ рд╣реЗрд░реНрдиреЗ рд╣реЛ рд░ рдЙрд╕рд▓реЗ рдкреНрд░рд╕реНрддреБрддрд┐ рджрд┐рдПрдХреЛ рдЪрд┐рдЬрд╣рд░реБрд▓рд╛рдИ рдХреЗ рд░рд╛рдореНрд░реЛ рдХреЗ рдирд░рд╛рдореНрд░реЛ рднрдиреЗрд░ рдЫреБрдЯреНрдЯрд╛рдЙрдиреЗ рд╣реЛ рдХрд┐рдирднрдиреЗ рдкреНрд░рдХрд╛рд╢ рд╕рдкреБрддрдХреЛ рдмрд╛рд░реЗрдорд╛ рдкрдЯрдХрдкрдЯрдХ рдпрд╕реНрддреЛ рд╣реБрдБрджрд╛рдЦреЗрд░рд┐ рдордирдорд╛ рдПрдЙрдЯрд╛ рдХреЗ рдбрд░ рд▓рд╛рдЧреНрдЫ рднрдиреА рднреЛрд▓рд┐ рдореЗрд░реЛ рджреЗрд╢рдХреЛ рдХрд▓рд╛ рдХреНрд╖реЗрддреНрд░ рдХрддрд╛рддрд┐рд░ рд░ рдХреБрди рдмрд╛рдЯреЛ рд▓рд┐рдБрджреИрдЫ рдЬрд╕реНрддреЛ рд▓рд╛рдЧреНрдЫ рдХрд┐рдирднрдиреНрджрд╛рдЦреЗрд░рд┐ рдПрдЙрдЯрд╛ рдирдпрд╛рдБ рдЬреЗрдиреЗрд░реЗрд╕рдирдХреЛ рдХреЗрдЯрд╛ рдПрдЙрдЯрд╛ рдХрд▓рд╛рдХрд╛рд░ рдЖрдлреНрдиреЛ рдХрд▓рд╛ рд▓рд┐рдПрд░ рдЖрдЙрдБрджрд╛рдЦреЗрд░ЁЯЗ│ЁЯЗ╡тЭдя╕ПЁЯОЩя╕ПЁЯШеЁЯШеЁЯТФЁЯТФЁЯТФ"
vtwPcGP1B5g,"(3)

ЁЯЗ│ЁЯЗ╡ЁЯЩПЁЯШеЁЯТФрдпрд╕рд░реА рдд рдорд╛рдиреНрдЫреЗрдХреЛ рдордирдмрд▓ рдШрдЯреНрдЫ рддреНрдпрд╕реИ рдд рд╣рд╛рдореНрд░реЛ рдиреЗрдкрд╛рд▓реА рдлрд┐рд▓реНрдо рджреБрдирд┐рдпрд╛ рдЕрд▓рд┐рдХрддрд┐ рд╕рд╛рдиреЛ рдЫ рдЦрд╛рд╕реИ рдлрд░рд╛рдХрд┐рд▓реЛ рдЫреИрди рдЭрдиреН рддреНрдпрд╣реАрдорд╛рдерд┐ рдкрдирд┐ рдПрдХрд▓реЗ рдЕрд░реНрдХрд╛рд▓рд╛рдИ рдЙрдЪрд╛рд▓реЗрд░ рдкрдЫрд╛рд░реНрдиреЗ рдЧрд░реНрди рдерд╛рд▓реНрдпреЛ рднрдиреЗ рд░ рдПрдЙрдЯрд╛ рдХрд▓рд╛рдХрд╛рд░рд▓рд╛рдИ рдПрдЙрдЯрд╛ рд░рд╛рдЬрдиреАрддрд┐рдХ рд╣рд┐рд╕рд╛рдмрд▓реЗ рдирд╣реЗрд░реМ рднрдиреНрди рдЪрд╛рд╣рдиреНрдЫреБ рд░ рдЕрд░реНрдХреЛ рдХреБрд░рд╛ рдХреЗ рднрдиреНрди рдЪрд╛рд╣рдиреНрдЫреБ рднрдиреЗ рдкрдЯрдХрдкрдЯрдХ рдЬрд╛рддрдХреЛ рдХреБрд░рд╛ рдЖрдЙрдБрджрд╛рдЦреЗрд░рд┐ рдореИрд▓реЗ рдХрддрд┐рдкрдп рдорд╛рдиреНрдЫреЗрд▓реЗ рднрдиреЗрдХреЛ рд╕реБрдиреНрдЫреБ рдЬрд╛рддрд╣рд░реБ рдЫреИрди рдЕрд╣рд┐рд▓реЗ рд╣рдЯрд┐рд╕рдХреНрдпреЛ рд╣рдЯрд┐рд╕рдХреНрдпреЛ рднрдиреЗ рдирд╡рд░рд╛рдЬ рдмрд┐рдХрд╛рдХреЛ рдШрдЯрдирд╛рдкрдЫрд┐ рдлреЗрд░рд┐ рдкреНрд░рдХрд╛рд╢ рд╕рдкреБрдд рдкреНрд░рдХрд╛рд╢

тЧП рд╕рдкреБрдд рдкрдЫрд┐ рдлреЗрд░рд┐ рдЕрд╣рд┐рд▓реЗ

рд╣рд╛рд▓реИ рд╣рд╛рд▓реИ рдЦреЗрдо рд╕реБрдирд╕рд░реАрд▓рд╛рдИ рдЬрд╛рддрдХреИ рдХрд╛рд░рдгрд▓реЗ рд╣реИрди рдХрддрд┐ рдЧрд╛рд▓реА рдХреНрд▓реЛрдЬ рдЧрд░реЗрдХрд╛ рдерд┐рдП рддреНрдпрд╕реИрд▓реЗ рдорд╛рдиреНрдЫреЗрд▓реЗ рднрдирд╛рдИ рд░ рдмреБрдЭрд╛рдПрд░ рднреЛрдЧрд╛рдЗрдорд╛ рдлрд░рдХ рдкрд░реНрдЫред рдорд╛рдиреНрдЫреЗрд╣рд░реБрд▓реЗ рднрдиреНрди рдд рднрдиреЗрдХрд╛ рдЫрдиреН рдЬрд╛рдд рдЫреИрди рддрд░ рдкрдирд┐ рднреЛрдЧреНрдиреЗ рдорд╛рдиреНрдЫреЗрд▓рд╛рдИ рдерд╛рд╣рд╛ рд╣реБрдиреНрдЫ рдХрд┐ рдХрддрд┐рд╕рдореНрдордХреЛ рдкреАрдбрд╛ рд╣реБрдиреНрдЫ рднрдиреЗрд░ рд░ рдЕрд░реНрдХреЛ рдХреБрд░рд╛ рдХрд▓рд╛рдХрд╛рд░рдХреЛ рдХреБрдиреИ рдкрдирд┐ рдЬрд╛рдд рд╣реБрдБрджреИрди рдЬрд╕реНрддреЛ рд▓рд╛рдЧреНрдЫ рдХрд▓рд╛рдХрд╛рд░рд▓реЗ рдЖрдлреНрдиреЛ рдПрдЙрдЯрд╛ рдзрд░реНрдо рдирд┐рднрд╛рдЙрдиреЗ рд╣реЛ рддрд░ рдкрдЯрдХрдкрдЯрдХ рдПрдЙрдЯрд╛ рдХрд▓рд╛рдХрд╛рд░рд▓рд╛рдИ рдкрдЯрдХрдкрдЯрдХ рдЖрдХреНрд░рдордг рд╣реБрдБрджрд╛рдЦреЗрд░рд┐ рднреЛрд▓рд┐ рдЖрдЙрдиреЗ рдирдпрд╛рдБ рдкреБрд╕реНрддрд╛рд╣рд░реВрд▓реЗ рдХреЗ рд╕рд┐рдХреНрдиреБ рд░ рдЕрд░реНрдХреЛ рдХреБрд░рд╛ рдорд▓рд╛рдИ рдЬрд╣рд╛рдБрд╕рдореНрдо рд▓рд╛рдЧреНрдЫ рдпреЛ рдкрдЯрдХ рдкрдЯрдХ рдЬрд╛рддрдХреЛ рдХреБрд░рд╛ рдЙрдареНрдиреБ рднрдиреЗрдХреИ рдорд╛рдиреНрдЫреЗрд▓реЗ рдЬрдмрд╕рдореНрдо рдЖрдлреНрдиреЛ рдирд╛рдордХреЛ рдкрдЫрд╛рдбрд┐рдХреЛ рдерд░ рдореБрдЦрд▓реЗ рднрдиреЗрдХреЛ рдд рдзреЗрд░реИ рд╕реБрдирд┐рдиреНрдЫ рдкрдЯрдХрдкрдЯрдХ рдЬрд╛рдд рдЫреИрди рдЬрд╛рддрднрд╛рдд рднрдиреЗрдХреЛ рдХреЗрд╣реА рд╣реЛрдЗрди рддрд░ рдкрдЯрдХрдкрдЯрдХ рддреНрдпрд╣реА рдЬрд╛рддрдХреЛ рдХрд╛рд░рдгрд▓реЗ рдЧрд░реНрджрд╛ рдПрдЙрдЯрд╛ рдХрд▓рд╛рдХрд╛рд░ рд╣реЛрд╕реН рдпрд╛ рдЬреБрдирд╕реБрдХреИ рдХреНрд╖реЗрддреНрд░рдорд╛рдЫ рд╣реЛрд╕реН рдПрдЙрдЯрд╛ рд╣рдЯрд╛рдПрд░ЁЯШеЁЯТФЁЯТФЁЯШе"
vtwPcGP1B5g,"(4)

рдиреЗрдкрд╛рд▓ рдорд╛рддреНрд░ рд░рд╛рдЦреНрджреИрди

рддрдмрд╕рдореНрдо рдЬрд╛рддрд┐ рд╡рд┐рднрд╛рдЬрд┐рдд рдШрдЯрдирд╛ рднрдиреЗрдХреЛ рднрдЗрд░рд╛рдЦреНрдЫ рд░ рдХрд╣рд┐рд▓реЗ рдкрдирд┐ рд╣рдЯреНрджреИрди рдЬрд╕реНрддреЛ рд▓рд╛рдЧреНрдЫ рдХрд┐рди рднрдиреНрджрд╛рдЦреЗрд░рд┐ рдЫреБрдЯреНрдЯреИ рдирдЬрд░рд▓реЗ рд╣реЗрд░реЗрдХреЛ рдкрдирд┐ рдкрдЯрдХрдкрдЯрдХ рджреЗрдЦрд┐рдиреНрдЫ рддреНрдпрд╣реА рднрдПрд░ рдкрдирд┐ рдорд▓рд╛рдИ рдЬрд╣рд╛рдБрд╕рдореНрдо рд▓рд╛рдЧреНрдЫ рдЬрдмрд╕рдореНрдо рдорд╛рдиреНрдЫреЗрд▓реЗ рдЖрдлреНрдиреЛ рдЬрд╛ рдирд╛рдордХреЛ рдкрдЫрд╛рдбрд┐рдХреЛ рдЬрд╛рдд рд╣рдЯрд╛рдПрд░ рдиреЗрдкрд╛рд▓ рдорд╛рддреНрд░ рд░рд╛рдЦреНрджреИрди рд╕рдмреИ рддреНрдпреЛ рд╕рд┐рд╕реНрдЯрдо рд▓рд╛рдЧреБ рд╣реБрдБрджреИрди рддрдмрд╕рдореНрдо рдпреЛ рдЬрд╛рддрднрд╛рдд рдПрдЙрдЯрд╛ рдХрд▓рд╛рдХрд╛рд░рд▓рд╛рдИ рд╕реНрд╡рддрдиреНрддреНрд░ рднрдПрд░ рдЙрд╕рдХреЛ рдХрд▓рд╛ рдкрд╕реНрдХрд┐рдиреА рд░ рдЙрд╕рд▓реЗ рд▓реНрдпрд╛рдПрдХреЛ рд╕рд┐рд░реНрдЬрдирд╛рд╣рд░реВрд▓рд╛рдИ рд░рд╛рдореНрд░реЛ рдХрд┐ рдирд░рд╛рдореНрд░реЛ рднрдиреЗрд░ рднрдиреЗрдХреЛ рд╕рдзреИрдВ рдЪрд▓рд┐рд░рд╛рдЦреНрдЫ рдЬрд╕реНрддреЛ рд▓рд╛рдЧреНрдЫ рд╣реИ рдд рдЬрдмрд╕рдореНрдо рдпреЛ рд╕рд┐рд╕реНрдЯрдо рд▓рд╛рдЧреВ рд╣реБрдБрджреИрди рддрдмрд╕рдореНрдо рдЬрд╛рддрдХреЛ рд╡рд┐рд╖рдпрдорд╛ рд▓рд┐рдПрд░ рд╕рдзреИрдВ рд╡рд┐рд╡рд╛рдж рд╣реБрдиреЗ рдиреИ рдЧрд░реНрдЫ рдЬрд╕реНрддреЛ рд▓рд╛рдЧреНрдЫ рдпреЛ рдХрд╣рд┐рд▓реЗ рдкрдирд┐ рдЕрдиреНрддреНрдп рд╣реБрдБрджреИрди рдЬрд╕реНрддреЛ рд▓рд╛рдЧреНрдЫ рд╣реИ рдореЗрд░реЛ рд╡рд┐рдЪрд╛рд░рдорд╛ рдЪрд╛рд╣рд┐рдБ рд░ рдЕрд░реНрдХреЛ рдХреБрд░рд╛ рдкреНрд░рдХрд╛рд╢ рд╕рдкреБрддрд▓реЗ рдорд╛рддреНрд░реИ рдЬрд╛рддрдХреЛ рд╡рд┐рд╖рдпрдорд╛ рдХреБрдиреИ рдкрдирд┐ рд╕рд┐рд░реНрдЬрдирд╛ рдЧрд░реЗрдХреЛ рдЫреИрдиред рд╣рд░реЗрдХ рдХрд▓рд╛рдХрд╛рд░рд╣рд░реБрд▓реЗ рдЧрд░рд┐рд░рд╣реЗрдХрд╛ рдЫрдиреН рддрд░ рдЕрд░реБрд▓реЗ рдЧрд░реНрджрд╛ рдЪрд╛рд╣рд┐рдБ рдХрд╣рд┐рд▓реЗ рдкрдирд┐ рд╡рд┐рд╡рд╛рджрдорд╛ рдЖрдПрдХреЛ рджреЗрдЦреНрджреИрди рдЬрдм рдкреНрд░рдХрд╛рд╢ рд╕рдкреБрддрд▓реЗ рдХреЗрд╣реА рдХреБрд░рд╛ рд▓рд┐рдПрд░ рдЖрдЙрдБрдЫ рддрдм рд╡рд┐рд╡рд╛рджрдорд╛ рдЖрдЗрд╣рд╛рд▓реНрдиреБрдкрд░реНрдЫ рд░ рдпрд╕рд░реА рдиреИ рдЬрд╛рддрд┐ рд╡рд┐рд╡рд╛рдж рд╣реБрдиреЗ рднрдиреЗ рднреЛрд▓рд┐рдХрд╛ рджрд┐рдирд╣рд░реВрдорд╛ рдЬрд╕реНрддреИ рдордЧрд░ рдЧреБрд░реБрдЩ рддрд╛рдорд╛рдЩ рдиреЗрд╡рд░ рд▓рд┐рдореНрдмреБрдХреЛ рдмрд╛рд░реЗрдорд╛ рдкрдирд┐ рдореБрднреА рдмрдиреНрджрд╛рдЦреЗрд░рд┐ рднреЛрд▓рд┐ рдЕрд░реБ рдЬрд╛рддрд┐ЁЯЗ│ЁЯЗ╡тЭдя╕ПЁЯШе"
vtwPcGP1B5g,"(5)

ЁЯЩПЁЯЗ│ЁЯЗ╡ЁЯОЩя╕ПтЭдя╕ПЁЯЗ│ЁЯЗ╡

рдЬрд╛рддрд┐рд▓реЗ рдкрдирд┐ рдмрд╛рдЗрдЧреЗрдЯ рдЧрд░реНрди рд╕рдХреНрдЫ рдХрд┐рдирднрдиреЗ рдпреЛ рдд рд╕рдзреИрдВ рдЪрд▓рд┐рд░рд╛рдЦреНрдиреЗ рдкреНрд░рдХреГрддрд┐ рдЬрд╕реНрддреЛ рд▓рд╛рдЧреНрди рдерд╛рд▓реНрдпреЛ рддреНрдпрд╕реИрд▓реЗ рдПрдЙрдЯрд╛ рдХрд▓рд╛рдХрд╛рд░рдХреЛ рдЬрд╛рдд рднрдиреНрджрд╛ рдкрдирд┐ рдЙрд╕рдХреЛ рд╕рд┐рд░реНрдЬрдирд╛ рд╣реЗрд░реНрдиреБрдкрд░реНрдЫ рдЬрд╕реНрддреЛ рд▓рд╛рдЧреНрдЫ рд╣реИред рд░ рдЬреБрдирд╕реБрдХреИ рдХреНрд╖реЗрддреНрд░рдорд╛ рд╣реЛрд╕реН рд░ рдХрд▓рд╛рдХрд╛рд░реА рдХреНрд╖реЗрддреНрд░рдорд╛ рд╣реЛрд╕реН рд╕рдмреИрд▓реЗ рд╕рдореНрдорд╛рдирдХреЛ рд╕рд╛рдердорд╛ рдмрд╛рдБрдЪреНрди рдкрд╛рдЙрдиреБ рд░ рд░ рдЖрдлреНрдиреЛ рдХрд▓рд╛рд▓рд╛рдИ рдкрд╕реНрдХрд┐рдиреБ рдкрд╛рдЙрдиреБрдкрд░реНрдЫ рдЬрд╕реНрддреЛ рд▓рд╛рдЧреНрдЫ рд╣реИ рдореЗрд░реЛ рд╡рд┐рдЪрд╛рд░рдорд╛ред рд░ рдЕрдиреНрддрд┐рдордорд╛ рд╕рдмреИ рдЬрд╛рддрд┐ рд░ рд╕рдмреИ рднрд╛рд╖рд╛ рд░ рд╕рдмреИ рдиреЗрдкрд╛рд▓реАрд╣рд░реВрд▓рд╛рдИ рдХреЗ рднрдиреНрди рдЪрд╛рд╣рдиреНрдЫреБ рднрдиреЗ рдХрд▓рд╛рдХрд╛рд░рд▓рд╛рдИ рдХрд▓рд╛рдХреЛ рд╣рд┐рд╕рд╛рдмрд▓реЗ рд╣реЗрд░реМ рдЖрдлреНрдиреЛ рд╡реНрдпрдХреНрддрд┐рдЧрдд рд╣рд┐рд╕рд╛рдмрд▓реЗ рднрдиреНрджрд╛ рдкрдирд┐ рдХрд▓рд╛рдХрд╛рд░рд▓рд╛рдИ рдХрд▓рд╛рдХреЛ рд╣рд┐рд╕рд╛рдмрд▓реЗ рд╣реЗрд░реНрдиреЗ рдмрд╛рдиреА рдмрд╕рд╛рд▓реНрдиреБрдкрд░реНрдЫ рд░ рдЖрдлреНрдиреЛ рдиреЗрдкрд╛рд▓реА рдХрд▓рд╛рдХрд╛рд░рд▓рд╛рдИ рд╕рдзреИрдВ рдорд╛рдпрд╛ рд░ рд╕рдкреЛрд░реНрдЯ рджрд┐рдиреБрдкрд░реНрдЫ рдЬрд╕реНрддреЛ рд▓рд╛рдЧреНрдЫ рд╣реИ рд░ рдЕрдиреНрддрд┐рдордорд╛ рдЬрдмрд╕рдореНрдо рдорд╛рдиреНрдЫреЗрд▓реЗ рдЖрдлреНрдиреЛ рдирд╛рдордХреЛ рдкрдЫрд╛рдбрд┐ рдерд░ рд╣рдЯрд╛рдПрд░ рдиреЗрдкрд╛рд▓ рд░рд╛рдЦреНрджрд┐рди рддрдмрд╕рдореНрдо рдпреЛ рдЬрд╛рддрд┐ рд╡рд┐рд╡рд╛рдж рднрдиреЗрдХреЛ рдЪрд▓рд┐рдиреИ рд░рд╛рдЦреНрдЫ рдЬрд╕реНрддреЛ рд▓рд╛рдЧреНрдЫ рддреНрдпрд╣реА рднрдПрд░ рдкрдирд┐ рдЫреБрдЯреНрдЯрд╛рдПрд░ рдпрд╕рд░реА рд╡рд┐рд╡рд╛рджрдорд╛ рд▓реНрдпрд╛рдЙрдиреБ рднрдиреНрджрд╛ рдкрдирд┐ рдЙрд╕рд▓реЗ рд▓реНрдпрд╛рдПрдХреЛ рд╕рд┐рд░реНрдЬрдирд╛рд▓рд╛рдИ рдХрд╣рд╛рдБ рдЧрд▓рдд рднрдПрдХреЛ рдЫ рдмрд░реБ рд╕рдЪреНрдЪрд╛рдЙрдирдХреЛ рд▓рд╛рдЧрд┐ рд╕рд▓реНрд▓рд╛рд╣ рд╕реБрдЭрд╛рд╡ рджрд┐рдиреБ рдиреИ рд╕рдмреИрднрдиреНрджрд╛ рд░рд╛рдореНрд░реЛ рд╣реЛ рдЬрд╕реНрддреЛ рд▓рд╛рдЧреНрдЫ рд╕рдмреИрд▓рд╛рдИ рд╕рдореНрдорд╛рди рдЧрд░реМрдВ рдЬрдп рджреЗрд╢ рдЬрдп рдиреЗрдкрд╛рд▓ рдореЗрд░реЛ рдкреНрдпрд╛рд░реЛ рдорд╛рддреГрднреВрдорд┐ рдиреЗрдкрд╛рд▓ рдХрд▓рд╛ рд░ рдЧрд▓рд╛рд▓рд╛рдИ рд╕рдзреИрдВ рд╕рдореНрдорд╛рди рдЧрд░реМрдВредЁЯЩПЁЯЗ│ЁЯЗ╡ЁЯОзя╕ПЁЯОЩя╕ПтЭдя╕П"
vtwPcGP1B5g,ЁЯЗ│ЁЯЗ╡тЭдя╕ПЁЯТРЁЯТРрд╢реБрднрдХрд╛рдордирд╛ рдЫ рдореЗрд░реЛ рдкреНрдпрд╛рд░реЛ рджрд╛рдЬреБрд▓рд╛рдИ рдмрд╕рдиреНрдд рдореБрднрд┐рдХреЛ рд░ рдХрд▓рд╛ рд░ рдЧрд▓рд╛рд▓рд╛рдИ рд╕рдмреИрд▓реЗ рд╕рдореНрдорд╛рди рдЧрд░реМрдВ рд░ рдмрд╕рдиреНрдд рдореБрднрд┐рд▓рд╛рдИ рд╕рдмреИрд▓реЗ рд╣реЗрд░реНрди рдЧрдПрд░ рд╕рд░ рд╕рдкреЛрд░реНрдЯ рдЧрд░реА рдорд╛рдпрд╛ рдЧрд░реМрдВредтЭдтЭдтЭд
vtwPcGP1B5g,Dai Australia Perth ma booking khulne bittika vani halnus husss Most awaited
vtwPcGP1B5g,рднреИрдЗ  рд╣рд▓реНрдХреНрд╕рдирд┐ ЁЯОЙЁЯОЙЁЯОЙЁЯОЙЁЯОЙ
vtwPcGP1B5g,рд░рд╛рдЬрдиреАрддрд┐ рдЧрд░реНрди рдЬрд╛рдиреВ ... рдХреЗ рдкрд┐ рдУрд▓рд┐ рд╕рдЧ ....
vtwPcGP1B5g,тЭд
vtwPcGP1B5g,"dubai ma pani dinu la pilz kasari herne

рдо рд╣рдЬреБрд░ рд▓рд╛рдИ рдареБрд▓рд╛ рдареБрд▓рд╛ рд╕реБрдореНрдирджреНрд░ рджреЗрдЦрд┐ рдкрдЫрдпреНрдпрдХреЛ рдорд╛рдиреНрдЫреЗ рд╣реБ рдореБрдЯреБ"
vtwPcGP1B5g,kpi olile herdinx
vtwPcGP1B5g,Bichara nishal badanet le Garda yo bunee ni janchanyekdin
vtwPcGP1B5g,Best of luckЁЯОЙЁЯОЙЁЯОЙ
vtwPcGP1B5g,Wish you a huge success
vtwPcGP1B5g,тЭдтЭдтЭд
vtwPcGP1B5g,Ma Qatar ma waiting gardai xu
vtwPcGP1B5g,Best wishesЁЯОЙЁЯОЙ
vtwPcGP1B5g,All the bestтЭдтЭд
vtwPcGP1B5g,ЁЯОЙЁЯОЙЁЯОЙЁЯОЙЁЯОЙЁЯОЙЁЯШоЁЯШоЁЯШоЁЯШоЁЯШоЁЯШКЁЯШКЁЯШКЁЯШК
vtwPcGP1B5g,Sana youtuber pani agadi badnuparxa aek arkali sipport garera ma pani garidinixu sabaikomaЁЯШКЁЯШК
vtwPcGP1B5g,Don't worry Dai 'Basant' movie goes on Next leve.It's make new record in filmi house of Nepal . Support from Madhesh ProvinceтЭдтЭд
vtwPcGP1B5g,рд╕рдлрд▓рддрд╛рдХреЛ рд╢реБрднрдХрд╛рдордирд╛
vtwPcGP1B5g,рд╕реБрд░реНрдЦреЗрдд рдорд╛ рдореЗрд░реЛ рдкрд░рд┐рд╡рд╛рд░ рдкрдард╛рдЙрдБрдЫреБ
vtwPcGP1B5g,Jasari.purnabahadur.ko.sarangi.supar.heet.bhayo..tesari.nai.basanta.lai.ni.supar.heet.banaunu.parxa
vtwPcGP1B5g,тЭдтЭд
vtwPcGP1B5g,Waoooo nice sirЁЯОЙЁЯОЙЁЯОЙЁЯОЙЁЯОЙЁЯОЙЁЯОЙЁЯОЙЁЯОЙЁЯОЙЁЯОЙЁЯОЙЁЯОЙтЭдтЭдтЭдтЭдтЭдтЭдтЭдтЭдтЭдтЭдтЭдтЭд
vtwPcGP1B5g,Best wishes Big brother тЭдтЭдтЭдтЭдтЭдтЭд
vtwPcGP1B5g,Yo flim chai herincha...dherai vo Nepali movie nahereko pani..yo flim ko trailer ra geet chai ekdam ramro lagyo..
vtwPcGP1B5g,рд╕реНрд╡рд╕реНрддрд┐рдорд╛ рдХреЛ рд▓рд╛рдЧрд┐ рдЬрд╛рдиреБ рд╣реЛрд▓рд╛ рддрд░ рд╕рдкреБрдд рдХреЗ рдкреА рдХреЛ рдЫреЛрд░рд╛рдХреЛ рдХреЗ рд╣реЗрд░реНрдиреБ рдЦреИ?
vtwPcGP1B5g,рд╕рдлрд▓рддрд╛рдХреЛ рд╣рд╛рд░реНрджрд┐рдХ рд╢реБрднрдХрд╛рдордирд╛ тАЬ рдЪрд▓рдЪрд┐рддреНрд░ рдмрд╕рдиреНрдд тАЬ
vtwPcGP1B5g,Goodluck
vtwPcGP1B5g,тЭдтЭдтЭд
vtwPcGP1B5g,рдЙрдЦрд╛рдиреЗ рд░ рдЙрдЦрд╛рдиреЗрдХрд╛ рдЭрд▓реНрд▓реБрд╣рд░реБ рдЫрджреИрдЫрди рдирд┐ рд╣реЗрд░реНрди ред рдЖрдЦрд┐рд░ рдмреЛрдХреЗрд░ рд╣рд┐рдбреЗрдХреЛ рдлрд╛рдЗрджрд╛ рдкрдирд┐ рдорд┐рд▓реНрд▓рд╛ рдирд┐ рдд
vtwPcGP1B5g,тЭдтЭд
vtwPcGP1B5g,Parkash saput  lai Nepal ko number 1 actor King Bane ko herna chahanu xu ЁЯОЙ
vtwPcGP1B5g,Best wishes ЁЯЩП
vtwPcGP1B5g,Best wishes тЭдя╕П
vtwPcGP1B5g,рд▓ рд╣реИ рдорд▓рд╛рдИ рдкрдирд┐
vtwPcGP1B5g,best wishesЁЯОЙЁЯОЙ
vtwPcGP1B5g,Best wishes ЁЯОЙ
vtwPcGP1B5g,"рд╡рд╕рдиреНрдд рдлрд┐рд▓реНрдо рд╣реЗрд░реНрдиреВ рдкрд░реНрдЫ рд╣реИ рд╕рд╛рдерд┐рд╣рд░реБ
рдХрд╕реИ рдХрд╕реИрд▓реЗ рдмрд╣рд┐рд╕реНрдХрд╛рд░ рдЧрд░реНрдиреЗ рднрдиреНрдЫрди   рддрд┐рдирд┐рд╣рд░реБ рдХрд╣рд┐рд▓реЗ рдлрд┐рд▓реНрдо рдирджреЗрдЦреЗрдХреЛ рднреБрд╕рд┐рдпрд╛рд╣рд░реБ рд╣реБрди 
Best wishes basantaЁЯОЙтЭд"
vtwPcGP1B5g,Best of luck thank you for the information тЭдтЭдтЭдтЭд
vtwPcGP1B5g,тЭд
vtwPcGP1B5g,Hunxa ta majalee
vtwPcGP1B5g,Sabai le maya gardinu holaтЭдтЭдтЭд
vtwPcGP1B5g,Best of luck
vtwPcGP1B5g,Best wishes ЁЯЩПтЭдтЭд
vtwPcGP1B5g,тЭдтЭдтЭд
vtwPcGP1B5g,All the best for grand success to BASANTA.тЭдтЭдтЭдтЭд
vtwPcGP1B5g,Best wishes ЁЯОЙ
vtwPcGP1B5g,тЭдтЭдтЭдтЭдтЭдтЭдтЭдтЭдтЭдтЭд
vtwPcGP1B5g,Best wishes
vtwPcGP1B5g,"Pakkai hernu parxa yo film  chai  majja leтЭд la hai hajur sabai jana aaunu hola surkhet Bhari ko manxe Birendra nagar Laxmi Hall Ma 
2081 Chaita 22 Gate"
vtwPcGP1B5g,тЭдтЭд
vtwPcGP1B5g,YayyyтЭдтЭд
vtwPcGP1B5g,Best wishes
vtwPcGP1B5g,Pakkai pani hernexauтЭдЁЯШКтЭдтЭдтЭд
vtwPcGP1B5g,тЭдтЭдтЭдтЭдЁЯОЙ Best wishes
1Lg1zfdeFTE,тЭдтЭдтЭд
1Lg1zfdeFTE,Phulo ke rang se dil ke k kalm se ...Devand ko prempujari ko tuning ko copy .
1Lg1zfdeFTE,рдирд╛рдИрд╕
1Lg1zfdeFTE,Your big fan didiтЭдтЭд
1Lg1zfdeFTE,тЭд
1Lg1zfdeFTE,тЭдтЭд
1Lg1zfdeFTE,"тЭд
тЭдтЭдтЭдтЭдЁЯШоЁЯШоЁЯШК"
1Lg1zfdeFTE,Good song
1Lg1zfdeFTE,Sarukhan jasto po dekhinxa ta prakash brother laiЁЯШВтЭдтЭдтЭдЁЯШЕ
1Lg1zfdeFTE,рджрд┐рдорд╛рдЧ рдиреИ рд╣рд▓реНрд▓рд╛рдЙрдиреЗ рдХрд▓рд╛ЁЯШоЁЯШотЭдтЭд
1Lg1zfdeFTE,тЭдтЭдтЭдтЭдтЭд
1Lg1zfdeFTE,Good song
1Lg1zfdeFTE,тЭдтЭдтЭд
1Lg1zfdeFTE,Dance super.
1Lg1zfdeFTE,Good luck Basanta тЭд
1Lg1zfdeFTE,тЭдтЭдтЭдтЭдтЭдтЭдтЭдтЭд
1Lg1zfdeFTE,тЭдтЭдтЭдтЭд
1Lg1zfdeFTE,Nice тЭдтЭдтЭдтЭдтЭдЁЯОЙЁЯОЙЁЯОЙЁЯОЙЁЯОЙЁЯОЙ
1Lg1zfdeFTE,тЭдтЭдтЭд
1Lg1zfdeFTE,тЭдтЭдтЭдтЭдтЭдтЭдтЭдтЭдSuper hit songтЭдтЭдтЭдтЭдтЭд
1Lg1zfdeFTE,Nice
Sz33J60USj0,тЭдтЭдтЭд
Sz33J60USj0,тЭдтЭдтЭдтЭдтЭдтЭдтЭдтЭдтЭд
Sz33J60USj0,Very nice song
Sz33J60USj0,рдЕрдиреБрд╡рд╛рд░ рди рджрдиреБрд╡рд╛рд░ рдкрд╛рдгреНрдбрдм рд╕реБрдиреБрд╡рд╛рд░ ЁЯШЭЁЯШЭ
Sz33J60USj0,тЭдтЭдтЭдтЭдтЭдтЭдтЭдтЭд
Sz33J60USj0,Hero re ЁЯШВ
Sz33J60USj0,тЭдтЭдтЭдтЭдтЭд
Sz33J60USj0,Prakash saputтЭд
Sz33J60USj0,тЭдтЭдтЭдтЭд
Sz33J60USj0,Kami koo life xa ЁЯШВЁЯШВЁЯШВ! Mooj gar Kami ЁЯШВЁЯШВ
Sz33J60USj0,рд╣реЗрд░реНрджрд╛ рд╣реЗрд░реНрджреИ рдХрд╛рд▓реЗ рдХреЛ рд╕реНрд╡рд╛рд╕реНрдиреАрд▓рд╛рдИ рдХрд╛рдореАрд▓реЗ рд╡рд┐рддрд╛рдИ рд╕рдХреНрдпреЛред рддрд░ рдШрд╛рдордб рдХрд╛рд▓реЗрд▓рд╛рдИ рдорддрд▓рдм рдЫреИрдиред
Sz33J60USj0,"Sugam sir ko sor, heart touching тЭд"
Sz33J60USj0,Film ramro x
Sz33J60USj0,"Singer haru
Abhinaya kam le nai garchhan.

So singing nai thik chha 
Palrakash laai."
Sz33J60USj0,Ramro dherai ramro nice
Sz33J60USj0,рдпреЛ рдлрд┐рд▓реНрдо рдХрд╣рд┐рд▓реЗ рдЖрдЙрд▓рд╛ рднрдиреЗрд░ рдкрд░реНрдЦреЗрд░ рдмрд╕реЗрдХрд╛ рдерд┐рдпреМрдВ рддрд░ рдЬреБрди рджрд┐рди рджреЗрд╢рдХреЛ рдХрд╛рдЯреНрдЯреЛ рдЦрд╛рдЗрд░рд╣реЗрдХреЛ рдХреЗрдкрд┐рдХреЛ рдХрд╛рд░реНрдпрдХреНрд░рдордорд╛ рдЧрдпреМ рддрдм рдмрд╛рдЯ рддрд┐рдореНрд░реЛ рдлрд┐рд▓реНрдо рдмрд╣рд┐рд╖реНрдХрд╛рд░ рдЧрд░реНрдиреЗ рд╕реЛрдЪ рдмрдирд╛рдП!! рдХреЗрдкрд┐ рд░ рд╢реЗрд░реЗрдХреЛ рд╕рдорд░реНрдердХ рджреЗрд╢рдХрд╛ рдкреНрд░рдореБрдЦ рд╕рддреНрд░реБ рд╣реБрди!! рджреЗрд╢рдХрд╛ рдХрдкреБрддрд╣рд░реБ  рдкреНрд░реЗрдордХреЛ рд╣реИрди рдШреГрдгрд╛рдХрд╛ рдкрд╛рддреНрд░ рдорд╛рддреНрд░ рд╣реБрди!!!! рдХреЗрдкрд┐ рд╢реЗрд░реЗрдХреЛ рд╕рдорд░реНрдердХрд▓рд╛рдИ рдо рд╕рд╛рдереА рдд рдмрдирд╛рдЙрджреИрди рдЕрдм рдлрд┐рд▓реНрдо sorry bro. рд╕рд╛рд░рдЩреА рей рдкрд▓реНрдЯ рд╣реЗрд░реЗрдХреЛ рдорд╛рдиреНрдЫреЗ рдмрд╕рдиреНрддрдХреЛ рдкрд░реНрдЦрд╛рдИрдорд╛ рдерд┐рдП рдЦреИрд░ рдо рдПрдЙрдЯрд╛рд▓реЗ рдлрд┐рд▓реНрдо рд╣реЗрд░реНрдиреБрд▓реЗ рдлрд░рдХ рдкрд░реНрдиреЗ рдд рд╣реИрди !! рддрд░ рдлрд░рдХ рдкрд░реЗрдиреА рдирдкрд░реЗрдиреА рдЖрдлреНрдиреЛ рддрд░реНрдл рдмрд╛рдЯ рдХреЗрдкрд┐ рд╢реЗрд░реЗрд╕рдВрдЧ рдЬреЛрдбрд┐рдиреЗ рд╣рд░реЗрдХ рдмреНрдпрдХреНрддреА рдмрд╣рд┐рд╖реНрдХреГрдд рд╣реБрдиреЗрдЫрди !! рдЬрдп рджреЗрд╢ тЭдтЭд
Sz33J60USj0,рд╕рдлрд▓реНрддрд╛рдХреЛ рд╢реБрднрдХрд╛рдордирд╛ рдЫ рдо рдкрдирд┐ рд╣реЗрд░реНрдиреЗрдЫреБтЭд
Sz33J60USj0,рдореЗрд░реЛ рдкреБрд░реИ рдкрд░рд┐рд╡рд╛рд░ рдпреЛ рдлрд┐рд▓рд┐рдо рдХреЛ рдкреНрд░рдЦрд╛рдИрдорд╛ рдерд┐рдпреМ рддрд░ рдЬреБрди рджрд┐рди рдХреЗрдкрд┐ рдХреЛ рдмрдЦрд╛рди рдЧрд░реЗрдЙ рддреНрдпреЛ рджрд┐рди рджреЗрдЦрд┐ рд╕рдмреИ рдореБрдб рдЕрдл рднрдпреЛ рд╣реЗрд░реНрди рдордиреИ рд▓рд╛рдЧреЗрди ЁЯШвЁЯШвЁЯШв рд╣реЗрд░реНрдиреЗ рдЪрд╛рд╣рд╛рдирд╛ рд╣реБрджрд╛ рд╣реБрдБрджреИ рдкрдирд┐ рд╣реЗрд░реНрди рдЬрд╛рдо рдЦреБрдЯреНрдЯрд╛ рдЕрдЧрд╛рдбрд┐ рдмрдвреЗрди !
Sz33J60USj0,рдмрдзрд╛рдИ рдЫ  рдкреНрд░рдХрд╛рд╢ рджрд╛рдИ рджреЛрд╕реНрд░реЛ рд╡рд┐рд╡рд╛рд╣ рдХреЛ рд▓рд╛рдЧреА
Sz33J60USj0,Doubt full couple xa haitt..Kai ta xa haitt
Sz33J60USj0,"Kale dai hererw koma ma xa re hai 
Gupt sutra bata thaha pakoЁЯШЕ"
Sz33J60USj0,aba ma ni hero banna janxuЁЯШВЁЯШВЁЯШВ
Sz33J60USj0,Boycott
Sz33J60USj0,WowwwwЁЯШНЁЯШНЁЯдЧ
Sz33J60USj0,тЭдтЭд
Sz33J60USj0,"рд╕рдлрд▓рддрд╛рдХреЛ рд╢реБрднрдХрд╛рдордирд╛ рд╕рдореНрдкреБрд░реНрдг ""рдмрд╕рдиреНрдд""рдЯрд┐рдорд▓рд╛рдИЁЯЩП"
Sz33J60USj0,Safalta ko suvakamana
Sz33J60USj0,Best wishes ЁЯОЙЁЯОЙ
Sz33J60USj0,тЭдтЭдтЭдтЭдтЭд safaltako suva kamana
Sz33J60USj0,Six pack chaheyo Prakash jiiтЭдтЭдтЭдтЭд
Sz33J60USj0,NiceтЭд
Sz33J60USj0,рд╢реБрднрдХрд╛рдордирд╛ рд╕рдлрд▓рддрд╛рдХреЛ ЁЯТРЁЯТР
Sz33J60USj0,"рдкрд┐рддрд╛рдореНрдмрд░ рдЖрдИрд╕рдХреНрдпреЛ рд╣реМ 
реирежренреи рдХреЛ рднреБрдХрдореНрдк рднрдиреНрджрд╛ рдирд┐ рдзреЗрд░реИ рдиреЗрдкрд╛рд▓ рд╣рд▓реНрд▓рд╛рдЙрдиреЗ рдЧрд░реЗрд░"
Sz33J60USj0,Chait 22 april 4 All Nepal тЭдтЭд
Sz33J60USj0,тЭдтЭдтЭдтЭдтЭдтЭд
Sz33J60USj0,тЭдтЭд
Sz33J60USj0,Ramro video тЭд
Sz33J60USj0,Miya Khalifa john Sian
Sz33J60USj0,тЭд
Sz33J60USj0,тЭдтЭд
Sz33J60USj0,тЭдтЭдтЭд
Sz33J60USj0,тЭдтЭд
Sz33J60USj0,"Lovely song prakash ji and swastima ji ko jodi pani ramro xa 

100% yo moviele sabai film ko record todne xa best wishes тЭдтЭдтЭдтЭдтЭдтЭдтЭдтЭдтЭдтЭдтЭдтЭдЁЯОЙЁЯОЙЁЯОЙЁЯОЙЁЯОЙЁЯОЙЁЯОЙЁЯОЙЁЯОЙЁЯОЙЁЯОЙЁЯОЙЁЯОЙЁЯОЙЁЯОЙЁЯОЙ"
Sz33J60USj0,Congratulations sir
Sz33J60USj0,Damii
4sRQxXNhWEg,Damai muji churt kholcha aaja dui char din ma
4sRQxXNhWEg,тЭдтЭд
4sRQxXNhWEg,ЁЯШВЁЯШВЁЯШВЁЯШВ
4sRQxXNhWEg,WowтЭд
4sRQxXNhWEg,Jesus is king тЭдтЭдтЭд
4sRQxXNhWEg,тЭдтЭдтЭд
4sRQxXNhWEg,тЭдтЭдтЭдтЭд
4sRQxXNhWEg,тЭдтЭдтЭдтЭдтЭд
4sRQxXNhWEg,Oh my Jesus! Beautiful song.
4sRQxXNhWEg,Amen Amen
4sRQxXNhWEg,рдЦреБрд╕рд┐ рд▓рд╛рдЧреНрдпреЛ рдмрд╛рдЗрдмрд▓  рдХреЛ рдирд╛рдо рд▓рд┐рджрд╛ рдкреНрд░рднреБ рд▓реЗ рдЖрд╢рд┐рд╖реН рджрд┐рдиреБ рднрдпрдХреЛ рд╣реЛрд╕
4sRQxXNhWEg,тЭдтЭдтЭдтЭдтЭд
4sRQxXNhWEg,тЭдтЭд
4sRQxXNhWEg,тЭдтЭдтЭдтЭдтЭдтЭд
4sRQxXNhWEg,Kp ko ghu kha
4sRQxXNhWEg,тЭдтЭдтЭдтЭд
4sRQxXNhWEg,Wooooow
4sRQxXNhWEg,Wow
4sRQxXNhWEg,Achamma? Churchma testo tigra dekhayara luga kaha lagako dekhekothyo..ani jhandai nangai vayara...vagawan dekhi ta saram mannuni .ЁЯШв
4sRQxXNhWEg,wow damiтЭдтЭдтЭдтЭд
4sRQxXNhWEg,тЭдтЭдтЭдтЭдтЭдтЭдтЭдтЭдтЭдтЭдтЭд
4sRQxXNhWEg,Wowo
4sRQxXNhWEg,Omg тЭдтЭдтЭдЁЯШК
4sRQxXNhWEg,тЭдтЭдтЭдтЭдтЭдтЭд
4sRQxXNhWEg,Supar тЭдтЭдтЭдтЭд
4sRQxXNhWEg,тЭдтЭдтЭд
4sRQxXNhWEg,Super
4sRQxXNhWEg,WowтЭдтЭд
4sRQxXNhWEg,тЭдтЭдтЭдтЭдтЭд
4sRQxXNhWEg,тЭдтЭдgod blessing usтЭдя╕ПЁЯдЧ
4sRQxXNhWEg,Damii
4sRQxXNhWEg,ЁЯТЭЁЯТЭ
cxiMiafYkEM,тЭдтЭдтЭдтЭдЁЯОЙЁЯОЙЁЯОЙЁЯОЙЁЯОЙ congratulations ЁЯН╛ЁЯОКЁЯОИЁЯОЙ
cxiMiafYkEM,Very nice song тЭд
cxiMiafYkEM,тЭдтЭдтЭдтЭдтЭд
cxiMiafYkEM,тЩея╕ПтЩея╕ПтЩея╕ПтЩея╕ПЁЯМ╣ЁЯМ╣ЁЯМ╣ЁЯМ╣тЩея╕ПтЩея╕ПтЩея╕П
cxiMiafYkEM,Wow beautiful song тЭдя╕ПтЭдя╕ПЁЯТХЁЯТХЁЯТХЁЯТХЁЯТХ
cxiMiafYkEM,Happy married life EnjoyЁЯОЙЁЯОЙЁЯОЙЁЯОЙ
cxiMiafYkEM,Sarai ramro song tara samundra ko part chahi hataye hune bikini ЁЯСЩ part
cxiMiafYkEM,Wow..
cxiMiafYkEM,Supar mтЭдтЭдтЭд
cxiMiafYkEM,тЭдтЭдтЭдтЭдтЭдтЭдтЭдтЭдтЭд
cxiMiafYkEM,WowтЭдтЭдЁЯОЙЁЯОЙ
cxiMiafYkEM,Wow so beautiful move тЭдтЭдтЭдтЭдтЭдтЭд
cxiMiafYkEM,рдХреЗрд░рд╛рдореНрд░реЛ рдЬреЛрджрд┐ тЭдтЭдтЭдтЭдтЭдЁЯОЙЁЯОЙЁЯОЙ
cxiMiafYkEM,BestЁЯОЙЁЯОЙЁЯОЙЁЯОЙ
cxiMiafYkEM,Beautiful тЭдя╕П
cxiMiafYkEM,Wow
cxiMiafYkEM,NiceтЭд
cxiMiafYkEM,Utkrista
cxiMiafYkEM,Nice тЭдтЭдтЭдтЭд
cxiMiafYkEM,тЩея╕ПтЩея╕ПтЩея╕П
cxiMiafYkEM,Ma pani myadi dekhi ho ni aile delhi ma basobas xa
cxiMiafYkEM,Dherai ramro video prakash bhai
cxiMiafYkEM,Aha ЁЯОЙЁЯОЙЁЯОЙЁЯОЙ
cxiMiafYkEM,Congralations ЁЯТХЁЯСПЁЯСПЁЯСПЁЯТРЁЯТРЁЯЩП
cxiMiafYkEM,тЭдтЭдтЭдтЭд
cxiMiafYkEM,тЭдтЭдтЭд
cxiMiafYkEM,Dami best wishes ЁЯОЙ
cxiMiafYkEM,Didi.тЭдтЭдтЭд
cxiMiafYkEM,Damii ЁЯСМЁЯе░тЭд
cxiMiafYkEM,Didi тЭдтЭдтЭдтЭдтЭд
cxiMiafYkEM,Plz pin me nepal
cxiMiafYkEM,тЭдтЭд
pNxz3F9qWps,рдХрд╣рд┐рдБ рдХрддреИ рдХреБрдиреИрдкрдирд┐ рдмреЗрд▓рд╛ рдпреЛ рдЧреАрддрдХреЛ рд╢рдмреНрдж рд╕рдВрдЧ рдореЗрд▓ рдЦрд╛рди рд╕рдХреНрдиреЗ рдПрдЙрдЯрд╛ рдЬреЛрдЦрд┐рдо рдХреЛ рд╕рдореНрднрд╛рд╡рдирд╛ рдкреНрд░рд╖реНрдЯ рдЫреНред рдмрд┐рджреНрдзреБрдд рдкреНрд░рд╛рдзрд┐рдХрд░рдг рд▓реЗ рдмрд╛рдЯреЛрдХреЛ рдмрд┐рдЪрдорд╛ рдЧрд╛рдбреЗрдХреЛ High Tension рдХреЛ рддрд╛рд░ рдХреЛ рдЦрдореНрдмрд╛ рд░рд╣реЗрдЫреНред рдХреБрдиреИрдкрдиреА рдмреЗрд▓рд╛ рджреБрд░реНрдШрдЯрдирд╛ рд╣реБрди рд╕рдХреНрдиреЗ рдЬреЛрдЦрд┐рдо рдЫреНред рддреНрдпрд╕рд▓рд╛рдЗ рддреБ рдард╛рдЙрдБ рд╕рд╛рд░реНрдиреБ рдЕрддреНрдпрд╛рд╡рд╢реНрдпрдХ рдЫреНред
pNxz3F9qWps,тЭдтЭдтЭдтЭд
pNxz3F9qWps,Kp ko xora
pNxz3F9qWps,Wow тЭд
pNxz3F9qWps,Nice song тЭдтЭдтЭдтЭд
pNxz3F9qWps,тЭдтЭдтЭдтЭдтЭдтЭдтЭдЁЯШВЁЯШВЁЯШВЁЯШВЁЯШВЁЯШВЁЯШВ
pNxz3F9qWps,тЭдтЭдтЭдтЭд
pNxz3F9qWps,тЭдтЭдтЭдрдХрддрд┐ рд░рд╛рдореНрд░реЛ рд╕рд┐рд░реНрдЬрдирд╛ тЭдя╕ПрдкреНрд░рдХрд╛рд╢ рджрд╛рдЗ рд╣рдЬреБрд░рдХреЛ тЭдя╕ПтЭдя╕П
pNxz3F9qWps,beautiful voice
pNxz3F9qWps,Basant movie must watchтЭд
pNxz3F9qWps,тЭдтЭдтЭдтЭдтЭд
pNxz3F9qWps,Best song ЁЯТЦЁЯТЦ
pNxz3F9qWps,Wow so beautiful song тЭдя╕ПтЭдя╕ПЁЯТХЁЯТХ
pNxz3F9qWps,Swastima so beautiful girl тЩея╕ПтЩея╕ПтЩея╕П
pNxz3F9qWps,fresh heroine rakhnuni yar
pNxz3F9qWps,DamiтЭдтЭдтЭд
pNxz3F9qWps,тЭд
pNxz3F9qWps,Sala kaami jha kp ko ghu kha
pNxz3F9qWps,тЭдтЭд
pNxz3F9qWps,тЭдтЭдтЭдтЭдтЭдтЭдрдХрддрд┐ рд░рд╛рдореНрд░реЛ
pNxz3F9qWps,"I am writing 21st comment, out of ЁЯОЙЁЯОЙЁЯОЙЁЯОЙЁЯШв"
pNxz3F9qWps,wow daami ЁЯОЙтЭдЁЯОЙ
pNxz3F9qWps,тЭдтЭдтЭдтЭдтЭдтЭдтЭдЁЯОЙЁЯОЙЁЯШК
pNxz3F9qWps,Very  nice  song
pNxz3F9qWps,Very nice song basanta movie
pNxz3F9qWps,ЁЯОЙЁЯШКЁЯШо
pNxz3F9qWps,"Wow supup, all the best ЁЯОЙЁЯОЙтЭдЁЯШК"
pNxz3F9qWps,тЭд
pNxz3F9qWps,wow
pNxz3F9qWps,тЭдтЭд
pNxz3F9qWps,тЭдтЭдтЭд
pNxz3F9qWps,тЭдтЭдтЭд
pNxz3F9qWps,Beautiful  songтЭдтЭдтЭдтЭдLot of Love prakash  & Swastima тЭдтЭдтЭдтЭд
pNxz3F9qWps,beautiful ЁЯШНЁЯЩПЁЯЩП
pNxz3F9qWps,Ye hora
pNxz3F9qWps,Beautiful song and both of looking very nice Prakash sir
pNxz3F9qWps,тЭдтЭд
pNxz3F9qWps,Nice singeтЭдтЭд
pNxz3F9qWps,тЭдтЭд
pNxz3F9qWps,тЭдтЭд
pNxz3F9qWps,ЁЯШКЁЯШК
RN-oXpf3QQI,Sugam Pokharel voice тЭдтЭдтЭдтЭд
RN-oXpf3QQI,Wahoo тЭдтЭдтЭдтЭд
RN-oXpf3QQI,"рдлрд┐рд▓реНрдо рдХреЛ рдХрдерд╛ рд░ рдХреЗрдкрд┐ рдмрд╛ рдХреЛ рддрд╛рд░рд┐рдл рдлрд░рдХ рдХреБрд░рд╛ рд╣реБрдиреНредрдкреНрд░рдХрд╛рд╢ рд╕рдкреВрдд рд▓реЗ рдЖрдлреНрдиреЛ рджреЗрд╢рдХреЛ рдкреНрд░рдзрд╛рдирдордиреНрддреНрд░реА рд▓рд╛рдЗ рдХреБрди рд░реБрдкрдорд╛ рд▓рд┐рдиреНрдЫреНрди рд╡рд╛ рдЪрд┐рдиреНрдЫрди рддреНрдпреЛ рдЙрдирдХреЛ рдХреБрд░рд╛ рд╣реЛред рд╣реЛ рдо рдкрдирд┐ рдХреЗрдкрд┐ рдХреЛ рдХрдЯреНрдЯрд░ рдмрд┐рд░реЛрдзреА рдд рд╣реЛ, рддрд░ рдкреНрд░рдХрд╛рд╢ рд╕рдкреВрддрдХреЛ рдЕрд╕рд▓реА рдлреНрдпрд╛рди рдкрдирд┐ред рдЪрд╛рд╣реЗ рдЙрдирд▓реЗ рд░рд╛рдЬрд╛рдХреЛ рдЧреБрдирдЧрд╛рди рдЧрд╛рдЙрди , рдЪрд╛рд╣реЗ рдкреНрд░рдЪрдгреНрдб , рдЪрд╛рд╣реЗ рджреЗрдЙрд╡рд╛ рдЙрдирдХреЛ рд╕рд┐рд░реНрдЬрдирд╛ рд╕рдзреИрдВ рдЦрд╛рд╕ рд╣реБрдиреНрдЫреНред"
RN-oXpf3QQI,тЭдтЭдтЭд рдХрддрд┐ рдорд┐рдареЛ рдЧрд┐рдд
RN-oXpf3QQI,"рдЬрд╕реНрддреЛ рджреБрдЖ рджрд┐рдПрдирд┐ рдЕрд▓реНрд▓рд╛рд╣ рд▓реЗ 
рдмрд╛рдЪреМрд▓рд╛рдиреА рдорд╛рдпрд╛рд▓реЗ рд╕рд▓реНрд▓рд╛рд╣ рд▓реЗ 

рдпреЛ рдЧрд┐рдд tiktok рдорд╛ рднрд╛рдЗрд░рд▓ рднрдПрдХреЛ рджреЗрдЦреНрдЫреБ, рдХреЗ рдпреЛ рдЧреАрддрдХреЛ рд╢рдмреНрдж рдард┐рдХ рдЫрдд? рдпреА рдореИрд▓реЗ рдирдЬрд╛рдиреЗрдХреЛ рд╣реЛ? 
рджреБрдЖ рднрдиреЗрдХреЛ рдд рдкреНрд░рд╛рдердирд╛ рд╡рд╛ рдмрд┐рдиреНрддрд┐ рд╣реЛ, рдЕрд▓реНрд▓рд╛рд╣ рд▓реЗ рдкрдирд┐ рдкреНрд░рд╛рдердирд╛ рд╡рд╛ рдмрд┐рдиреНрддрд┐ рджрд┐рдиреНрдЫрдд?"
RN-oXpf3QQI,ЁЯШКтЭдя╕ПЁЯЩП
RN-oXpf3QQI,рдпреЛ рдЧреАрддрд▓реЗ рджреЗрдЦрд╛рдЙрди рдЦреЛрдЬреЗрдХреЛ рдЪрд╛рд╣рд┐ рдорд╛рдпрд╛ рд░ рдкреНрд░реЗрдордорд╛ рдЬрд╛рдд рд░ рдзрд░реНрдо рд╣реЗрд░рд┐рдиреНрди рднрдиреНрди рдЦреЛрдЬреЗрдХреЛ рдЫ рддрд░ рдлрд┐рд▓реНрдордорд╛ рдЪрд╛рд╣рд┐ рдпреЛ рдЧреАрдд рдкреБрд░рд╛ рд╣реЗрд░реНрди рдкрд╛рдЗрджреИрди рд░реИрдЫ
RN-oXpf3QQI,рдЭрд┐рдпрд╛рджреА рд╣реБрдиреБ рдерд╛рд▓реЗ рдиреЗрдкрд╛рд▓ рдорд╛ рдкрдирд┐ ЁЯШоЁЯШоЁЯШоЁЯШо
RN-oXpf3QQI,Khadi maa kaam garni lai sodhnu ani k ksp taha huncha..taie pani ramro cha
RN-oXpf3QQI,Yo filma ma sabai dharmako samman gareko xa tyo ta ramro kura ho tara kina chritian dharma paribartan lai badhawa diyako vanne aarop lagxa.
RN-oXpf3QQI,тЭдтЭдтЭдтЭдтЭдтЭд
RN-oXpf3QQI,Sugam pokhrel le gako ho ??ЁЯдФ
RN-oXpf3QQI,Is this  Nepali? My God what  to our Nepali
RN-oXpf3QQI,тЭдтЭдтЭдтЭд
RN-oXpf3QQI,тЭдтЭдтЭд
RN-oXpf3QQI,рд╣реЛрдирд╛рд╣рд╛рд░ рдХрд▓рд╛рдХрд╛рд░ тЭдрдкреНрд░рдХрд╛рд╢ рд╕рдкреБрдд
RN-oXpf3QQI,Film ma ta pura song chhaina ni sir ji
RN-oXpf3QQI,тЭдтЭдтЭдтЭдтЭдтЭдтЭдтЭд
RN-oXpf3QQI,Hami Nepali sabai ko sasmman ЁЯЩПЁЯЩПЁЯЩП
RN-oXpf3QQI,Love from Assam but this video hurts on all indian people...shame
RN-oXpf3QQI,"Gara Pakistan, afaganistan, wa aru mulsim desh gara bihe gar Muslim keti tero tunturi teti belai Kati dinxan ? Nepal ma basera khub natak gareko xas?"
RN-oXpf3QQI,So sweet тЭд
RN-oXpf3QQI,Kami daiko get man parena
RN-oXpf3QQI,тЭдтЭд
RN-oXpf3QQI,Awesome тЭдтЭдтЭд
RN-oXpf3QQI,Jai ho
RN-oXpf3QQI,Eid mubarak
RN-oXpf3QQI,рд╣реЗрд░реНрджреИ рдЖрдЦрд╛рдорд╛тЭд
RN-oXpf3QQI,тЭдтЭдтЭдтЭдтЭдтЭд
RN-oXpf3QQI,Eid mubaarak ЁЯОЙтЭд
RN-oXpf3QQI,тЭд
RN-oXpf3QQI,Congratulations hol teems
RN-oXpf3QQI,Damii
RN-oXpf3QQI,Tiktok bata yaha aayeko herna Lai  balla thaha vayo India le tik tok kina band gareko vanerw  tik tok ma kati naramroo comment matra xa vane yaha  positive comment xa Tara yo short herda  parkash saput le  religion sentiment garna khojya jasto xa kina vane  na tw tik tok ma natw aafno chanel ma  yo geet aru part short form ma  upload gareko xoina ЁЯШв
RN-oXpf3QQI,Salam khuwalikh prakash daiтЭд
RN-oXpf3QQI,Big fan
RN-oXpf3QQI,тЭдтЭд
RN-oXpf3QQI,"рд╕рдмреИ рдкрд░рд┐рд╡рд╛рд░ рд╣реЗрд░реНрди рдорди рдерд┐рдпреЛ рддрд░ рдпреЛ рдмрд╛-рдорд╛рд▓реЗрдХреЛ рдЭреЛрд▓реЗ рд░реИрдЫ рддреЗрд╕реИрд▓реЗ рд╣рд╛рдореНрд░реЛ рдкреБрд░реИ рдмрд╣рд┐рд╕реНрдХрд╛рд░ рдЫ рд▓ ,рд╕рд░рд┐ !"
RN-oXpf3QQI,WowтЭдтЭд
RN-oXpf3QQI,Excellent ЁЯСМЁЯСН
RN-oXpf3QQI,тЭдтЭд
RN-oXpf3QQI,wowowтЭдтЭдтЭд
RN-oXpf3QQI,Congratulations ЁЯСПЁЯОЙ hol team
RN-oXpf3QQI,тЭдтЭдтЭд
RN-oXpf3QQI,Big fan тЭдтЭд
RN-oXpf3QQI,"One of the best upcoming and most waited movie""BASANTA""тЭд
#basanta"
RN-oXpf3QQI,рд╕рдореНрдорд╛рди рдЫ рдкреНрд░рдХрд╛рд╢ рд╢рдкреБрдд рдиреЗрдкрд╛рд▓ рдмрд┐рднрд┐рдд рдЬрд╛рдд рдзрд░реНрдо рдХрд╛реЗ рд╕рд╛рдЭрд╛ рдлреБрд▓рдмрд╛рд░реА рд╣рд╛реЗ!ЁЯЩПЁЯЩПЁЯЩПЁЯе░тЭд
RN-oXpf3QQI,Pakash bro ..mero sms ko reply garnnu .hai ..maily hjr ko har video ma comment gareko xu ..aja samma euta riply aako xa so ..aasha xa ki yo ..video ma sms ko reply aaunxa bannera best of luck. .basanta movie
RN-oXpf3QQI,Paraksh bro song ta dammi xa
RN-oXpf3QQI,Ho yasari samman garau hamro Nepali coultures Muslim couture xani
RN-oXpf3QQI,Prakash jiiiтЭдlegend six pack hunu paryooтЭдтЭдЁЯОЙЁЯОЙabaЁЯШЕЁЯШБЁЯШБЁЯЩПЁЯЩПЁЯСПЁЯСПЁЯлбЁЯлбЁЯЗ│ЁЯЗ╡ЁЯЗ│ЁЯЗ╡
RN-oXpf3QQI,тЭдтЭдтЭдтЭд
RN-oXpf3QQI,SuppopтЭдтЭдтЭд
RN-oXpf3QQI,рдЗрд╕реНрд▓рд╛рдордХреЛ рдмрд╛рд░реЗрдорд╛ рдкрдвреЗрд░ рдЧрд░реНрдпрд╛ рднрдП рдард┐рдХ рд╣реБрдиреНрдереНрдпреЛ рддрд░ рдпрд╣рд╛рдБ рджрд╛рдИрд▓реЗ рдмрд┐рд▓реНрдХреБрд▓ рдлрд┐рд▓реНрдореА рд╕реНрдЯрд╛рд░рдорд╛ рдЧрд░реЗрдХреЛ рдЫред рдпреЛ рд╕реБрд╣рд╛рдЙрдБрджреИрди рджрд╛рдЗред real рдЗрд╕реНрд▓рд╛рдордорд╛ рдпреЛ рдлрд▓реЛ рд╣реБрдБрджреИрдиредредред
RN-oXpf3QQI,Damii
RN-oXpf3QQI,"Namste sir 
Good job nice song 
 sabai religion KO respect garnu ramro Kura ho 

Hindu Muslim Christian 
(All of god is one) 


Thank you"
RN-oXpf3QQI,рддреНрдпрд╕реИ рдкреНрд░рдХрд╛рд╢ рд╕рдмреБрдд рджрд╛рдЬреБрд▓рд╛рдИ рд╕реБрдкрд░рд╕реНрдЯрд╛рд░ рдорд╛рддреНрд░реИ рд╣реЛрдЗрди рд╕рдВрдЧреАрддрдХреЛ рдПрдЙрдЯрд╛ рдкрд╛рд░рдЦреА рднрдиреЗрд░ рднрдирд┐рдПрдХреЛ рддреНрдпрд╕реИ рд╣реЛрдЗрди рдпрд╕реНрддреЛ рд╕рд┐рд░реНрдЬрдирд╛ рдЧрд░реНрди рд╕рдХреНрдиреЗ рдорд╛рдиреНрдЫреЗрд▓рд╛рдИ рдХрд┐рди рдЧрд╛рд▓реА рдЧрд░реНрдЫрдиреН рд╣реЛ рдорд╛рдиреНрдЫреЗрд╣рд░реБрд▓реЗтЭдтЭдтЭдтЭдтЭдЁЯСМЁЯСМЁЯСМЁЯСМЁЯСМЁЯСМЁЯСМЁЯСМЁЯСМЁЯСМЁЯСМЁЯСМЁЯСМЁЯСМЁЯЗ│ЁЯЗ╡ЁЯЗ│ЁЯЗ╡ЁЯЗ│ЁЯЗ╡ЁЯЗ│ЁЯЗ╡ЁЯЗ│ЁЯЗ╡ЁЯЗ│ЁЯЗ╡ЁЯЗ│ЁЯЗ╡ЁЯЗ│ЁЯЗ╡ЁЯЗ│ЁЯЗ╡ЁЯСМЁЯСМЁЯСМЁЯТРЁЯТРЁЯТРЁЯТРЁЯОзя╕ПЁЯОзя╕ПЁЯОзя╕ПЁЯСМЁЯСМЁЯСМЁЯСМ
RN-oXpf3QQI,Nice singeтЭдтЭдтЭд
RN-oXpf3QQI,ЁЯлАЁЯлб
RN-oXpf3QQI,Eid Mubharak
RN-oXpf3QQI,Super SongтЭдтЭдтЭдтЭд Congratulation Holl BASANT teamтЭдтЭдтЭдтЭдWhataap no milna sakxa holaтЭдтЭд
RN-oXpf3QQI,Yo jaatha haru le islamic status sanga paisha lera Islam ko prachar gardai xan
RN-oXpf3QQI,"Dai derai ramro chha geet тЭдтЭдтЭдтЭд. yeuta Dukha lageko Cha ki tapaile kp oli Lai Ali badhi nai pramsa grerara galti garnu vyo ,teti derai bolnu parne jaruri thiyan .hijo parkash hai hai  vnnnele aaja bye bye vneka xn .Gali greka xan ЁЯШвЁЯШвЁЯШвЁЯШв"
RN-oXpf3QQI,Parkash dai you are the extra ordinary human being in the worldЁЯЗ│ЁЯЗ╡тЩея╕П
XeTuSCPd5FU,Best wishes
XeTuSCPd5FU,рдореЗрд╣рдирдд рдкрд░рд┐рд╢реНрд░рдореА рдХрд▓рд╛рдХрд╛рд░ рдкреНрд░рдХрд╛рд╢ рд╕рдкреВрдд рдЬреА рд▓рд╛рдИ рдЕрдЧреНрд░рд┐рдо рд╢реБрднрдХрд╛рдордирд╛ рдЫ
XeTuSCPd5FU,Aayo kp baЁЯШВ
XeTuSCPd5FU,тЭдтЭдтЭд
XeTuSCPd5FU,Super duper hunxa
XeTuSCPd5FU,Hi everyone saraimro all time dami dami babal lageyo
XeTuSCPd5FU,ЁЯОЙЁЯОЙЁЯОЙ hello
XeTuSCPd5FU,All the best тЭдтЭд
XeTuSCPd5FU,рд╕рдмреИ рдзрд░реНрдордХреЛ рд╕рдореНрдорд╛рди рдЧрд░реЗрдХреЛ рд╣реГрджрдп рджреЗрдЦрд┐рдиреИ рд╕рдореНрдорд╛рди рдЫ рдиреЗрдкрд╛рд▓рдХреЛ рд╢рд╛рди рдкреНрд░рдХрд╛рд╢ рд╕рдкреБрдЯрд▓рд╛рдИ
XeTuSCPd5FU,рд╣реЛрд▓реЛ рдмреНрд░реЛ рдирдорд╕реНрдХрд╛рд░ рд╕рдмреИ рд▓рд╛рдИ рд╢реБрднрдХрд╛рдордирд╛ рдЫ рдмрд╕рдиреНрдд рдЯрд┐рдо рд▓рд╛рдИЁЯОЙЁЯОЙЁЯОЙ
XeTuSCPd5FU,nice songтЭдтЭд
XeTuSCPd5FU,Good luck sir . dubai ma khaila chalxa
XeTuSCPd5FU,All the best тЭдтЭд
XeTuSCPd5FU,"Sabaile support garnuparx
Euta kala laii"
XeTuSCPd5FU,Nice  song
XeTuSCPd5FU,тЭдтЭдтЭдтЭд
XeTuSCPd5FU,тЭдтЭдтЭдтЭдтЭд
XeTuSCPd5FU,Super ЁЯСН song тЭд
XeTuSCPd5FU,ЁЯОЙЁЯОЙЁЯОЙЁЯОЙЁЯОЙЁЯОЙ
XeTuSCPd5FU,рдо рдЙрд╣рд╛рдХреЛ рдЪрд╛рдИ рдзреЗрд░реИ рдареВрд▓реЛ рдкреНрд░рд╢рдВрд╕  рд╣реВредрд╕рдмреИ рд▓рд╛рдИ рдордиреИ рджреЗрдЦреА рдирдорд╕реНрдХрд╛рд░
XeTuSCPd5FU,Congratulation to allтЭд
XeTuSCPd5FU,Basanta parkhae тЭд
XeTuSCPd5FU,тЭдтЭд
XeTuSCPd5FU,Super тЭдdupar hitтЭд
XeTuSCPd5FU,тЭдтЭдтЭдтЭдтЭдтЭдтЭдтЭдтЭдтЭдтЭдтЭдтЭдтЭдтЭдтЭдтЭдтЭдтЭдтЭдтЭдтЭдтЭдтЭдтЭдтЭдтЭдтЭдтЭдтЭдтЭдтЭдтЭдтЭдтЭдтЭдтЭдтЭдтЭд
XeTuSCPd5FU,рдЙрддреНрддрд░ рдЙрддреНрддрд░ рдкреНрд░рдЧрддрд┐рдХреЛ рд╢реБрднрдХрд╛рдордирд╛ рдкреНрд░рдХрд╛рд╢ рд╕рд░ЁЯОЙ
XeTuSCPd5FU,New Song Aako rxa r po live aaunubha aaj
XeTuSCPd5FU,Hello тЭдтЭдтЭд
XeTuSCPd5FU,рдЙрддреНрддрд░ рдЙрддреНрддрд░ рдкреНрд░рдЧрддрд┐рдХреЛ рдХрд╛рдордирд╛ рд╣рд╛рд░реНрджрд┐рдХ рдмрдзрд╛рдИ рддрдерд╛ рд╢реБрднрдХрд╛рдордирд╛
XeTuSCPd5FU,Suvakamana Sampurna tim lai
XeTuSCPd5FU,тЭдтЭдтЭдтЭдтЭдтЭд
XeTuSCPd5FU,Kp ko  taluwaa chaaat  mulaa
XeTuSCPd5FU,Kp ko jholeee murdaabad
XeTuSCPd5FU,рдЧреАрдд рд╕рдЩреИ  рднрд┐рдбрдпреЛ рдЕрдЭ рд░рд╛рдореНрд░реЛ рдЭрди рдлрд┐рд▓рдо рдХреЛ рдХрд╛рд╣рд╛рдиреА рдХрддрд┐ рд░рд╛рдореНрд░реЛ рдмрдиреЗрдХреЛ рд╣реЛрд▓рд╛ рдирд┐ЁЯОЖЁЯОЖЁЯОЖЁЯОЖЁЯОКЁЯОКЁЯОЙЁЯОЙ
XeTuSCPd5FU,рд╕реБрднрдХрд╛рдордирд╛ рд╕рдмреИ рдЯрд┐рдорд▓рд╛рдИ
XeTuSCPd5FU,рдзреЗрд░реИ рдзреЗрд░реИ рдмрдзрд╛рдИ рд╣рдЬреБрд░ рд╣рд░реБ рдХреЛ рддрд┐рдо рд▓рд╛рдИ тЭдтЭдтЭдтЭдтЭдЁЯОЙЁЯОЙЁЯОЙЁЯОЙЁЯТРЁЯТРЁЯТРЁЯТРЁЯТР
XeTuSCPd5FU,Khani vo khani vo yo flim le
XeTuSCPd5FU,Ya desha yes to appat aairako xa film hernanjan ta vaudana hjr
XeTuSCPd5FU,ЁЯЩПЁЯЩПтЭдЁЯЗ│ЁЯЗ╡ЁЯМ╣
XeTuSCPd5FU,тЭдтЭдтЭдтЭдтЭдтЭд
XeTuSCPd5FU,тЭдтЭдтЭдтЭд
XeTuSCPd5FU,тЭдтЭдтЭдЁЯОЙ
XeTuSCPd5FU,тЭдтЭдтЭдтЭдтЭд
i4pKhqSkFr8,"рдЪрд▓рдЪрд┐рддреНрд░ рдмрд╕рдиреНрддрдХреЛ рдирдпрд╛рдБ рдЧреАрдд ""рд╣реЗрд░реНрджреИ рдЖрдБрдЦрд╛рдорд╛"" рд╕рд╛рд░реНрд╡рдЬрдирд┐рдХ рдЧрд░реЗрдХрд╛ рдЫреМрдБ, рдпрд╣рд╛рдБрд╣рд░реБрдХреЛ рдирдЬрд┐рдХрдХреЛ рд╣рд▓рд╣рд░реБрдорд╛ рдЪреИрддреНрд░ реиреи рдЧрддреЗ рджреЗрдЦреА рднреЗрдЯреМрдВ рд╣реИред"
i4pKhqSkFr8,Wah kiya ramro roixha.... Geet тЭд
i4pKhqSkFr8,Samikshya ko voice wowтЭд
i4pKhqSkFr8,Wow ЁЯОЙЁЯОЙЁЯОЙЁЯОЙЁЯОЙтЭдтЭдтЭдтЭдтЭдтЭдтЭд
i4pKhqSkFr8,Samixa ra sugam pokharel dubailai hardik badhai nice voice KO laagi
i4pKhqSkFr8,рджрд╛рдореА рдЫ
i4pKhqSkFr8,рджрд╛рдореА рдЫ рд╣реИ рд▓
i4pKhqSkFr8,рд╡рд╛рдЙтЭд
i4pKhqSkFr8,Samikshya la Kati ramro gidako
i4pKhqSkFr8,Sugam dai solo plzzz ..I want to hear the whole track in your voice
i4pKhqSkFr8,Plz male voice only
i4pKhqSkFr8,Super very nice ЁЯСМЁЯП╗ЁЯСМЁЯП╗ЁЯСМЁЯП╗
i4pKhqSkFr8,Actor / Actress haru christian hoki muslim? Dekhauna khojya k hola ? Muslim ra Christian ho lovestory hoki?? Tha vako haru le vandinu paryo hajur?
i4pKhqSkFr8,тЭд
i4pKhqSkFr8,рдЖрд╣рд╛! рдХрддрд┐ рдорд┐рдареЛ рдЧреАрдд тЭдя╕ПЁЯСМЁЯМ╣ЁЯЩП
i4pKhqSkFr8,тЭдтЭдтЭдтЭд
i4pKhqSkFr8,Sugam pokhrel ko swar ekdamai ramroтЭдтЭдтЭдтЭд
i4pKhqSkFr8,"Ma kasaiko fynn haina but lady voice luv ..butttt plzz daii...aafi aafno thauuu maa raakhera hernu..smkshya ...not good 
For news n another... plzz sugam n nabin pokhrel ...raju laama ...sanjiv singh dai ..anil ..plzzz  ..A one singer xan"
i4pKhqSkFr8,Tait
i4pKhqSkFr8,рд╕реБрдЧреБрдо рджрд╛рдЗрдХреЛ рдЖрд╡рд╛рдЬ рджрд╛рдореА рдмрд╛рдХрд┐ рдд рддреНрдпрд╕реНрддреИ рд╣реЛ.. рдЦрд┐рдЪрдбрд┐
i4pKhqSkFr8,"рдПрдХ рдорд┐рд▓рд┐рдпрди рднреНрдпреБрдЬ рдкрд╛рд░ рд╣реБрдиреНрдЬреЗрд▓ рд╕рдореНрдо рдкрдирд┐ рдпреЛ рд╡рд╕рдиреНрдд рдореБрднрд┐рдХреЛ рд╣реЗрд░реНрджреИ рдЖрдБрдЦрд╛рдорд╛ рдмреЛрд▓ рдХреЛ рдЧрд┐рдд рджрд┐рди рдкреНрд░рддрд┐рджрд┐рди рд╣реЗрд░реНрджреИ рдЫреБ рдЕрд░реБ рдХреЛ рдХреЛ рд╣реБрдиреБрд╣реБрдиреНрдЫ рд╣реЗрд░реНрдиреЗ рд╣рд╛рдЬрд┐рд░ рдЧрд░реМрдд рдпрддрд╛редред 
рдиреЗрдкрд╛рд▓реА рдЪрд▓рдЪрд┐рддреНрд░ рд╡рд╕рдиреНрдд рд▓рд╛рдИ рдЕрдкрд╛рд░ рд╕рдлрд▓рддрд╛ рдХреЛ рд╕реБрднрдХрд╛рдордирд╛ЁЯТРЁЯТР"
i4pKhqSkFr8,"Tehi laijau motor sarara sarara
Wordings are great in this song"
i4pKhqSkFr8,тЭдтЭдтЭдЁЯСМЁЯСМ
i4pKhqSkFr8,New Song > https://youtu.be/ft1WWm9MgJg?si=HHLYqMkp2l5cgch_
i4pKhqSkFr8,Mero mayalu le yeta bolako ЁЯШК
i4pKhqSkFr8,Thank you for this beautiful song. Lots of love & supportтЭдтЭдтЭд.
i4pKhqSkFr8,"рдЬрд╕реНрддреЛ рджреБрд╡рд╛ рджрд┐рдПрдиреА рдЕрд▓реНрд▓рд╛рд▓реЗ 
рдмрд╛рдЪреБрдореНрд▓рд╛рдиреА рдорд╛рдпрд╛ рд▓реЗ рд╕рд▓реНрд▓рд╛рд▓реЗ рдореАрдареЛ рд▓рд╛рдЗрди тЭдтЭд рд╕рдмреИ рдпрд╕реНрддреИ рд╣реБрдиреБ рдкрд░реНрдереНрдпреЛ рд╢рдмреНрдж рд╣рд░реБ рд▓рдп рдкрдирд┐ рдмрд┐рдЪ рдмрд┐рдЪ рдорд╛ рдЭрд┐рд░ рд▓рд╛рдЧреНрдиреЗ рдереИрдЯ ЁЯШВ рд╕реБрдЧрдо рджрд╛рдЗ рдмрдмрд╛рд▓ тЭдтЭдтЭд"
i4pKhqSkFr8,тЭдтЭдтЭд
i4pKhqSkFr8,рдпреЛ рдЧреАрддрдорд╛ рд╕реБрдЧрдо рдкреЛрдЦреНрд░реЗрд▓рдХреЛ рд╕реНрд╡рд░ рдореНрдпрд╛рдЪ рднрдпреЛ рддрд░ рд╕рдореАрдХреНрд╖рд╛рдХреЛ рд╣рд╛рдЗ рд░реЗрдЮреНрдЬ рдирдкреБрдЧреЗрдХреЛ рдЬрд╕реНрддреЛ
i4pKhqSkFr8,very nice song
i4pKhqSkFr8,рдирд┐рдХреИ рд░рд╛рдореНрд░реЛ рдЫ song
i4pKhqSkFr8,Sugam pokhrel daiтЭдтЭдтЭд
i4pKhqSkFr8,jay basanta filim
i4pKhqSkFr8,jay jay basant
i4pKhqSkFr8,тЭдтЭд
i4pKhqSkFr8,Supp song Best wishes
i4pKhqSkFr8,Parkash sput lai man bata man paruna haru aha aunu hola тЭд
i4pKhqSkFr8,Wow sonice song
i4pKhqSkFr8,https://youtu.be/BPysNQsYQWQ?si=GBsmmYCBXlUT8gx5
i4pKhqSkFr8,Kina ho feri sabbai dharma ali jiska ko jastai gareko
i4pKhqSkFr8,wau dami songs n movie ekchoti hernu hola
i4pKhqSkFr8,Kp muji murdabatЁЯШВ
i4pKhqSkFr8,No words......тЭдтЭдтЭдтЭд
i4pKhqSkFr8,Jesus loves youтЭд
i4pKhqSkFr8,OA My God bbl song love you Prakash ЁЯе░тЭдя╕ПЁЯе░ЁЯе░
i4pKhqSkFr8,Nice
i4pKhqSkFr8,nice xa basanta filim
i4pKhqSkFr8,jay basanta filim
i4pKhqSkFr8,Arko movie ЁЯН┐ xitai herna paieyosh тЭд
i4pKhqSkFr8,4:22 тЭдтЭдтЭд
i4pKhqSkFr8,Best star of NepalтЭд
i4pKhqSkFr8,Good very nice song
i4pKhqSkFr8,тЭдтЭдтЭдтЭдтЭд
i4pKhqSkFr8,тЭдтЭдтЭдтЭдтЭд
i4pKhqSkFr8,It's a really proud to be a our #baglung ЁЯСС king Parkash Dai always good luck! тЭдтЭдЁЯШоЁЯШоЁЯШо
i4pKhqSkFr8,https://youtu.be/eniFwFk2ezI?si=F-6l_U67Mjcwalcu
i4pKhqSkFr8,Amazing song brother @sugam ЁЯТЭ
i4pKhqSkFr8,Lok pop aadhunik j ma ni Milne sugam pokhrel тЭдтЭдтЭд
i4pKhqSkFr8,рдореИрд▓реЗ тАЬрд╡рд╕рдиреНрдд тАЬрдЪрд▓рдЪрд┐рддреНрд░ рд╣реЗрд░реЗрдХреЛ рдЫреИрди рддрд░ рдкреНрд░рдХрд╛рд╢ рд╕рдкреБрдд рд╕рдорд╛рдЬрд┐рдХ рд╡рд┐рднреЗрджрдХрд╛ рд╕реБрджрд░реНрд╢рди рдЪрдХреНрд░ рд╣реБрдиред  рд╕рд▓реЛрдЯ рдЫ рднрд╛рдИрд▓рд╛рдИред рдкрдХреНрдХреИ рдкрдирд┐ Discrimination (рд╡рд┐рднреЗрдж) рдХреЛ рд╡рд┐рд░реБрджреНрдзрдХреЛ рдЖрд╡рдЬ рд╣реЛрд▓рд╛ рд╕рд┐рдиреЗрдорд╛ рдорд╛ ред рдореЗрд░реЛ рдПрдХрдмрджреНрдзрддрд╛ рдЫред рд╣рд▓рдорд╛ рдЧрдПрд░ рдлрд┐рд▓реНрдо рд╣реЗрд░реМ !
i4pKhqSkFr8,Sugam pokhrel ko swor matra  sano huda jasto suneko they aile pani ustai xa   Sarai man parne тЭдтЭдтЭдтЭд
i4pKhqSkFr8,тЭдтЭдтЭдтЭдтЭд
i4pKhqSkFr8,Sugam pokhrel jiu ko voice is dami тЭдя╕ПЁЯл╢
i4pKhqSkFr8,тЭдтЭдтЭдтЭдтЭд
i4pKhqSkFr8,Best song ЁЯТЮ I have see 25 bout
i4pKhqSkFr8,"рдкреНрд░рдХрд╛рд╢ рд╕рдкреВрдд рдЬреА""рдЪрд▓рдЪрд┐рддреНрд░ ""рд╡рд╕рдиреНрдд ,, рд░рд╛рдореНрд░реЛ рдЫ рдореИрд▓реЗ рдкрдирд┐ рд╣реЗрд░рд┐рд╕рдХреЗ реиреи рдЧрддреЗ рдиреИ...ЁЯСНя╕П"
i4pKhqSkFr8,рд╡рд╛рд╣ тЭдтЭдтЭд
i4pKhqSkFr8,nice and beautiful song
i4pKhqSkFr8,Wow!!!! What a good and perfect compose ЁЯОЙЁЯОЙ best of luck..
i4pKhqSkFr8,Kati ramro geet jiu nai siringa garne najikai hall chaina natra ta hernu hunthyo ni
i4pKhqSkFr8,рд╕рдмреИ рдзрд░реНрдордХреЛ рд╕рдореНрдорд╛рди рдЧрд░рд┐ рд╕рдмреИ рд╕рд╕реНрдХреГрддреА рд╕рдореЗрдЯрд┐рдПрдХреЛ рдЕрд╕рд▓ рд▓рд╛рдЧреНрдпрд╛реЗ ред рддрд░ рдЬрдм рдмрд╛рдИрдмрд▓рдХрд╛реЗ рдПрдХ рд╢рдмреНрдж рдЖрдЙрджрд╛ рдХреЗ рдЖрдкрддреА рднрдПрдХреЛ рд╣реЛрд▓рд╛.....рдЬреЗ рднрдПрдкрдиреА рдПрдХрджрдо рд░рд╛рдореНрд░реЛ рдЫ ред
i4pKhqSkFr8,kale crying in corner
i4pKhqSkFr8,рдЕрдкрд╛рд░ рд╕рдлрд▓рддрд╛рдХреЛ рд╣реЛрд╕ рднрдиреНрджреИ рд╢реБрднрдХрд╛рдордирд╛тЭдя╕ПтЭдя╕ПтЭдя╕ПтЭдя╕ПтЭдя╕ПтЭдя╕П
i4pKhqSkFr8,wow kasto mitho songтЭдтЭд
i4pKhqSkFr8,тЭдтЭдтЭдтЭдтЭдтЭдтЭдтЭдтЭд
i4pKhqSkFr8,ЁЯЩПЁЯЩПЁЯЩП
i4pKhqSkFr8,Sugham Pokharel рдХреЛ рд╕реНрд╡рд░ рдорд╛ auto tune рдЪрд╛рдИрджреИрдиреН ЁЯШНЁЯШН
i4pKhqSkFr8,рдЬреАрд╡рди рдорд╛ рди рд░реЛрдПрдХрд╛ рдорд╛рдиреНрдЫреЗ рдкрдирд┐ рдпреЛ movi рд╣реЗрд░реЗрд░  рд░реЛрдПрдХрд╛ рдЫрдиреН рд╣рд╛рдореНрд░реЛ рдЧрд╛рдЙрдБрдШрд░ рддрдерд╛ рд╣рд╛рдореНрд░реЛ рд╕рдорд╛рдЬрдорд╛ рдШрдЯрд┐рд░рд╣реЗрдХрд╛ рдпрдерд╛рд░реНрде рдШрдЯрдирд╛рд▓рд╛рдИ рд▓рд┐рдПрд░ рд░ рдЬреБрди рд╣рд╛рдореНрд░реЛ рдпреЛ рд╕рдВрд╕реНрдХрд╛рд░ рд░реВрдвреАрд╡рд╛рджреА рдкрд░рдореНрдкрд░рд╛рд▓рд╛рдИ рдЙрдЬрд╛рдЧрд░ рдЧрд░реЗрдХреЛ рдЫ рдкреНрд░рдХрд╛рд╢ рд╕рдкреБрдд рд╕реНрд╡рд╕реНрддрд┐рдорд╛ рдЦрдбреНрдХрд╛рд▓рд╛рдИ рдЯрд┐рдорд▓рд╛рдИ рдзрдиреНрдпрд╡рд╛рдж
i4pKhqSkFr8,рдЧрд┐рдд рдЪрд╛рдЗ рдмрдмрд╛рд▓
i4pKhqSkFr8,рд╣реЛрд▓рд┐ рд╡рд╛рдИрди
i4pKhqSkFr8,рдЪрд░реНрдЪрдХреЛ рдкреНрд░рдЪрд╛рд░ рдЧрд░реНрдиреИ рдкрд░реНрдиреЗ рд╣реЛ рд░ ? рдЧреАрдд рд░рд╛рдореНрд░реИ рдЫ ред
i4pKhqSkFr8,рдиреЗрдкрд╛рд▓реАрд╣рд░реБ рд╕рд╛рдБрдЪреНрдЪреИрдиреИ рднреЗрдбрд╛ рд╣реБрди  рдХреБрдиреИ рдиреЗрддрд╛ рдХреЛ рдирд╛рдо  рд▓рд┐рджреИрдорд╛ рдХреЛрд╣рд┐ рдЭреЛрд▓реЗ рдХрд╕рд░реА рд╣реБрди рд╕рдХреНрдЫ рд╣реЛрд▓рд╛ рдмрд┐рдЪрд╛рд░ рдЧрд░реЗрд░ рдПрдКрдЯрд╛ рдиреЗрддрд╛ рд▓рд╛рдЗ рднреЛрдЯ рд▓рд╛рдЙрджреИрдирди рдХрддрд┐ рдмрд╛рдард╛ рдиреЗрдкрд╛рд▓реА рдореЗрд╣рдирдд рд░ рдИрдорд╛рдиреНрджрд╛рд░рд┐рддрд╛рд▓реЗ рдмрдирд╛рдПрдХреЛ рдореБрднрд┐ рдмрд╣рд┐рд╕реНрдХрд╛рд░ рдЧрд░реНрдиреЗ рддрд░ рдПрдХрджрд┐рди рдиреЗрдкрд▓рд┐рд▓реЗ рдмреБрдЭреНрдиреЗ рдЫрдиредредред
i4pKhqSkFr8,Good luck тЭдтЭдтЭдтЭдтЭд
i4pKhqSkFr8,Please can we appreciate his talent and intelligence neglecting his one mistake ???ЁЯШвЁЯШвЁЯШв
i4pKhqSkFr8,рдпреЛ рдЦрд╛рддреЗ рдкрд╛рджрд░реА рд╣реЛ рд╣рд┐рдиреНрджреВ рд▓рд╛рдИ рд╣реЗрдкреЗрд░ рдЕрд░реБ рдзрд░реНрдо рдХреЛ рдкреНрд░рдЪрд╛рд░ рдЧрд░рд┐рдПрдХреЛ рдЫ
i4pKhqSkFr8,рдмрд╣рд┐рд╖реНрдХрд╛рд░
i4pKhqSkFr8,Sugam n samikshyaa best voiceтЭдя╕ПтЭдя╕ПЁЯШВ
i4pKhqSkFr8,WowтЭд
i4pKhqSkFr8,Yo mg ley Kailey kp ko support garxa Kailey. Muslim lai support garxa yo mg lai desh nikala garnu parxa
i4pKhqSkFr8,рдзреЗрд░реИ рд░рд╛рдореНрд░реЛ prakash saput рд▓реЗ рд╕реГрдЬрдирд╛ рдЧрд░реЗрдХреЛ рд╕рдмреИ рд░рд╛рдореНрд░реЛ рд╣реБрдиреНрдЫреНтЭдя╕П
i4pKhqSkFr8,Yesta muji secularism seen haru antai Dekhauney tya
i4pKhqSkFr8,рдпреЛ рдЧреАрддрдорд╛ рдЕрдм рдкрд╛рдХрд┐рд╕реНрддрд╛рдиреА рд░ рдмрдВрдЧрд╛рд▓реА рд╕рдВрдЧ рдмрд┐рд╣реЗ рдЧрд░реЗрдХреЛ рдЕрдирд┐ рдЗрд▓реБ рдИрд▓реБ рд╣реБрдБрджреИ рдЧрд░реЗрдХреЛ рд╣рд░реБрд▓реЗ рд▓рд╛рдЬ рдкрдЪрд╛рдЙрдБрджреИ tictok рдмрдирд╛рдЙрдБрдЫ рд╣реИ рдЕрдмЁЯШБЁЯШБ
i4pKhqSkFr8,Pakhe mula k gareko yesto. Tro poni oli jastai kaal awdai xa. Afno dharma Lai xodera Muslim ko gun gan gauxas laaj lagdai na. Tro halat poni ramit dhungana jasti hunxa.
i4pKhqSkFr8,"рджреЗрдЦрд╛рдЙрди рдЦреЛрдЬреЗрдХреЛ рдХреЗ рд╣реЛ рдпреЛ рдЧрд┐рддрдорд╛ рдЕрд▓рд┐ рдзреЗрд░реИрдиреИ рдирд╛рдЯрдХ рднрдпреЛрдХрд┐ рдмрд┐рд╣реЗ рдПрдХ рдкрдЯрдХ рд╣реБрдиреНрдЫ рддреНрдпреЛ рд╣рд┐рдиреНрджреБ рдкрд░рдореНрдкрд░рд╛рдорд╛ рд╣реЛрд╕,рдореБрд╕реНрд▓рд┐рдордорд╛ рд╣реЛрд╕ рдпрд╛ рдИрд╕рд╛рдИ рдорд╛ рддрд░ рдпрд╣рд╛ рдПрдЙрдЯреИ рдмреНрдпрдХреНрддрд┐рд▓реЗ рей рдУрдЯрд╛ рдзрд░реНрдордХреЛ рдкрд░рдореНрдкрд░рд╛рдорд╛ рдмрд┐рд╣реЗ рдЧрд░реЗрдХреЛ рджреЗрдЦрд╛рдИрдПрдХреЛ рдЫ рдпрд╕реНрддреЛ рдкрдирд┐ рд╣реБрдиреНрдЫ рд░ рдпреЛ рдмрдирд╛рдЙрдиреЗрд▓рд╛рдЗ рдХрд╛рд░рдмрд╛рд╣рд┐ рдЧрд░реНрдиреБ рдкрд░реНрдпреЛ"
i4pKhqSkFr8,рдХрддрд┐ рдкрдЯрдХ рдмрд┐рд╣реЗ рд╣реБрдиреНрдЫ рд╣реЛ рдмрдХрд╡рд╛рд╕ ЁЯШбЁЯШбЁЯШбЁЯШб
i4pKhqSkFr8,ЁЯШотЭдтЭдЁЯШК
i4pKhqSkFr8,Babaal тЭд
i4pKhqSkFr8,рдпреЛ рдлрд┐рд▓реНрдо рд╣реИрд░реНрдиреИ рдкрд░реНрдЫ ЁЯШВ рдпреБрдЯреБрдм рдорд╛
i4pKhqSkFr8,Buddhako deshma buddhakai gungan chhaina so im very sad ЁЯШвЁЯШвЁЯШв
i4pKhqSkFr8,тЭдтЭд3 time  herdai xu
i4pKhqSkFr8,"Prakash saput is a real talent born in Nepal ЁЯЗ│ЁЯЗ╡ 
Great appreciation ЁЯСП"
